T (K),P (kPa),Vapor fract
54,1,1.0
60,1,1.0
66,1,1.0
192,1,1.0
198,1,1.0
204,1,1.0
210,1,1.0
216,1,1.0
222,1,1.0
228,1,1.0
234,1,1.0
240,1,1.0
246,1,1.0
252,1,1.0
258,1,1.0
264,1,1.0
270,1,1.0
276,1,1.0
282,1,1.0
288,1,1.0
294,1,1.0
300,1,1.0
306,1,1.0
312,1,1.0
318,1,1.0
324,1,1.0
330,1,1.0
336,1,1.0
342,1,1.0
348,1,1.0
354,1,1.0
360,1,1.0
366,1,1.0
372,1,1.0
378,1,1.0
384,1,1.0
390,1,1.0
396,1,1.0
402,1,1.0
408,1,1.0
414,1,1.0
420,1,1.0
426,1,1.0
432,1,1.0
438,1,1.0
444,1,1.0
450,1,1.0
456,1,1.0
462,1,1.0
468,1,1.0
474,1,1.0
480,1,1.0
486,1,1.0
492,1,1.0
498,1,1.0
504,1,1.0
510,1,1.0
516,1,1.0
522,1,1.0
528,1,1.0
534,1,1.0
540,1,1.0
546,1,1.0
552,1,1.0
558,1,1.0
564,1,1.0
570,1,1.0
576,1,1.0
582,1,1.0
588,1,1.0
594,1,1.0
72,120,1.0
240,120,1.0
246,120,1.0
252,120,1.0
258,120,1.0
264,120,1.0
270,120,1.0
276,120,1.0
282,120,1.0
288,120,1.0
294,120,1.0
300,120,1.0
306,120,1.0
312,120,1.0
318,120,1.0
324,120,1.0
330,120,1.0
336,120,1.0
342,120,1.0
348,120,1.0
354,120,1.0
360,120,1.0
366,120,1.0
372,120,1.0
378,120,1.0
384,120,1.0
390,120,1.0
396,120,1.0
402,120,1.0
408,120,1.0
414,120,1.0
420,120,1.0
426,120,1.0
432,120,1.0
438,120,1.0
444,120,1.0
450,120,1.0
456,120,1.0
462,120,1.0
468,120,1.0
474,120,1.0
480,120,1.0
486,120,1.0
492,120,1.0
498,120,1.0
504,120,1.0
510,120,1.0
516,120,1.0
522,120,1.0
528,120,1.0
534,120,1.0
540,120,1.0
546,120,1.0
552,120,1.0
558,120,1.0
564,120,1.0
570,120,1.0
576,120,1.0
582,120,1.0
588,120,1.0
594,120,1.0
78,239,1.0
252,239,1.0
258,239,1.0
264,239,1.0
270,239,1.0
276,239,1.0
282,239,1.0
288,239,1.0
294,239,1.0
300,239,1.0
306,239,1.0
312,239,1.0
318,239,1.0
324,239,1.0
330,239,1.0
336,239,1.0
342,239,1.0
348,239,1.0
354,239,1.0
360,239,1.0
366,239,1.0
372,239,1.0
378,239,1.0
384,239,1.0
390,239,1.0
396,239,1.0
402,239,1.0
408,239,1.0
414,239,1.0
420,239,1.0
426,239,1.0
432,239,1.0
438,239,1.0
444,239,1.0
450,239,1.0
456,239,1.0
462,239,1.0
468,239,1.0
474,239,1.0
480,239,1.0
486,239,1.0
492,239,1.0
498,239,1.0
504,239,1.0
510,239,1.0
516,239,1.0
522,239,1.0
528,239,1.0
534,239,1.0
540,239,1.0
546,239,1.0
552,239,1.0
558,239,1.0
564,239,1.0
570,239,1.0
576,239,1.0
582,239,1.0
588,239,1.0
594,239,1.0
78,358,1.0
258,358,1.0
264,358,1.0
270,358,1.0
276,358,1.0
282,358,1.0
288,358,1.0
294,358,1.0
300,358,1.0
306,358,1.0
312,358,1.0
318,358,1.0
324,358,1.0
330,358,1.0
336,358,1.0
342,358,1.0
348,358,1.0
354,358,1.0
360,358,1.0
366,358,1.0
372,358,1.0
378,358,1.0
384,358,1.0
390,358,1.0
396,358,1.0
402,358,1.0
408,358,1.0
414,358,1.0
420,358,1.0
426,358,1.0
432,358,1.0
438,358,1.0
444,358,1.0
450,358,1.0
456,358,1.0
462,358,1.0
468,358,1.0
474,358,1.0
480,358,1.0
486,358,1.0
492,358,1.0
498,358,1.0
504,358,1.0
510,358,1.0
516,358,1.0
522,358,1.0
528,358,1.0
534,358,1.0
540,358,1.0
546,358,1.0
552,358,1.0
558,358,1.0
564,358,1.0
570,358,1.0
576,358,1.0
582,358,1.0
588,358,1.0
594,358,1.0
78,477,1.0
264,477,1.0
270,477,1.0
276,477,1.0
282,477,1.0
288,477,1.0
294,477,1.0
300,477,1.0
306,477,1.0
312,477,1.0
318,477,1.0
324,477,1.0
330,477,1.0
336,477,1.0
342,477,1.0
348,477,1.0
354,477,1.0
360,477,1.0
366,477,1.0
372,477,1.0
378,477,1.0
384,477,1.0
390,477,1.0
396,477,1.0
402,477,1.0
408,477,1.0
414,477,1.0
420,477,1.0
426,477,1.0
432,477,1.0
438,477,1.0
444,477,1.0
450,477,1.0
456,477,1.0
462,477,1.0
468,477,1.0
474,477,1.0
480,477,1.0
486,477,1.0
492,477,1.0
498,477,1.0
504,477,1.0
510,477,1.0
516,477,1.0
522,477,1.0
528,477,1.0
534,477,1.0
540,477,1.0
546,477,1.0
552,477,1.0
558,477,1.0
564,477,1.0
570,477,1.0
576,477,1.0
582,477,1.0
588,477,1.0
594,477,1.0
78,596,1.0
264,596,1.0
270,596,1.0
276,596,1.0
282,596,1.0
288,596,1.0
294,596,1.0
300,596,1.0
306,596,1.0
312,596,1.0
318,596,1.0
324,596,1.0
330,596,1.0
336,596,1.0
342,596,1.0
348,596,1.0
354,596,1.0
360,596,1.0
366,596,1.0
372,596,1.0
378,596,1.0
384,596,1.0
390,596,1.0
396,596,1.0
402,596,1.0
408,596,1.0
414,596,1.0
420,596,1.0
426,596,1.0
432,596,1.0
438,596,1.0
444,596,1.0
450,596,1.0
456,596,1.0
462,596,1.0
468,596,1.0
474,596,1.0
480,596,1.0
486,596,1.0
492,596,1.0
498,596,1.0
504,596,1.0
510,596,1.0
516,596,1.0
522,596,1.0
528,596,1.0
534,596,1.0
540,596,1.0
546,596,1.0
552,596,1.0
558,596,1.0
564,596,1.0
570,596,1.0
576,596,1.0
582,596,1.0
588,596,1.0
594,596,1.0
270,715,1.0
276,715,1.0
282,715,1.0
288,715,1.0
294,715,1.0
300,715,1.0
306,715,1.0
312,715,1.0
318,715,1.0
324,715,1.0
330,715,1.0
336,715,1.0
342,715,1.0
348,715,1.0
354,715,1.0
360,715,1.0
366,715,1.0
372,715,1.0
378,715,1.0
384,715,1.0
390,715,1.0
396,715,1.0
402,715,1.0
408,715,1.0
414,715,1.0
420,715,1.0
426,715,1.0
432,715,1.0
438,715,1.0
444,715,1.0
450,715,1.0
456,715,1.0
462,715,1.0
468,715,1.0
474,715,1.0
480,715,1.0
486,715,1.0
492,715,1.0
498,715,1.0
504,715,1.0
510,715,1.0
516,715,1.0
522,715,1.0
528,715,1.0
534,715,1.0
540,715,1.0
546,715,1.0
552,715,1.0
558,715,1.0
564,715,1.0
570,715,1.0
576,715,1.0
582,715,1.0
588,715,1.0
594,715,1.0
270,834,1.0
276,834,1.0
282,834,1.0
288,834,1.0
294,834,1.0
300,834,1.0
306,834,1.0
312,834,1.0
318,834,1.0
324,834,1.0
330,834,1.0
336,834,1.0
342,834,1.0
348,834,1.0
354,834,1.0
360,834,1.0
366,834,1.0
372,834,1.0
378,834,1.0
384,834,1.0
390,834,1.0
396,834,1.0
402,834,1.0
408,834,1.0
414,834,1.0
420,834,1.0
426,834,1.0
432,834,1.0
438,834,1.0
444,834,1.0
450,834,1.0
456,834,1.0
462,834,1.0
468,834,1.0
474,834,1.0
480,834,1.0
486,834,1.0
492,834,1.0
498,834,1.0
504,834,1.0
510,834,1.0
516,834,1.0
522,834,1.0
528,834,1.0
534,834,1.0
540,834,1.0
546,834,1.0
552,834,1.0
558,834,1.0
564,834,1.0
570,834,1.0
576,834,1.0
582,834,1.0
588,834,1.0
594,834,1.0
270,953,1.0
276,953,1.0
282,953,1.0
288,953,1.0
294,953,1.0
300,953,1.0
306,953,1.0
312,953,1.0
318,953,1.0
324,953,1.0
330,953,1.0
336,953,1.0
342,953,1.0
348,953,1.0
354,953,1.0
360,953,1.0
366,953,1.0
372,953,1.0
378,953,1.0
384,953,1.0
390,953,1.0
396,953,1.0
402,953,1.0
408,953,1.0
414,953,1.0
420,953,1.0
426,953,1.0
432,953,1.0
438,953,1.0
444,953,1.0
450,953,1.0
456,953,1.0
462,953,1.0
468,953,1.0
474,953,1.0
480,953,1.0
486,953,1.0
492,953,1.0
498,953,1.0
504,953,1.0
510,953,1.0
516,953,1.0
522,953,1.0
528,953,1.0
534,953,1.0
540,953,1.0
546,953,1.0
552,953,1.0
558,953,1.0
564,953,1.0
570,953,1.0
576,953,1.0
582,953,1.0
588,953,1.0
594,953,1.0
276,1072,1.0
282,1072,1.0
288,1072,1.0
294,1072,1.0
300,1072,1.0
306,1072,1.0
312,1072,1.0
318,1072,1.0
324,1072,1.0
330,1072,1.0
336,1072,1.0
342,1072,1.0
348,1072,1.0
354,1072,1.0
360,1072,1.0
366,1072,1.0
372,1072,1.0
378,1072,1.0
384,1072,1.0
390,1072,1.0
396,1072,1.0
402,1072,1.0
408,1072,1.0
414,1072,1.0
420,1072,1.0
426,1072,1.0
432,1072,1.0
438,1072,1.0
444,1072,1.0
450,1072,1.0
456,1072,1.0
462,1072,1.0
468,1072,1.0
474,1072,1.0
480,1072,1.0
486,1072,1.0
492,1072,1.0
498,1072,1.0
504,1072,1.0
510,1072,1.0
516,1072,1.0
522,1072,1.0
528,1072,1.0
534,1072,1.0
540,1072,1.0
546,1072,1.0
552,1072,1.0
558,1072,1.0
564,1072,1.0
570,1072,1.0
576,1072,1.0
582,1072,1.0
588,1072,1.0
594,1072,1.0
276,1191,1.0
282,1191,1.0
288,1191,1.0
294,1191,1.0
300,1191,1.0
306,1191,1.0
312,1191,1.0
318,1191,1.0
324,1191,1.0
330,1191,1.0
336,1191,1.0
342,1191,1.0
348,1191,1.0
354,1191,1.0
360,1191,1.0
366,1191,1.0
372,1191,1.0
378,1191,1.0
384,1191,1.0
390,1191,1.0
396,1191,1.0
402,1191,1.0
408,1191,1.0
414,1191,1.0
420,1191,1.0
426,1191,1.0
432,1191,1.0
438,1191,1.0
444,1191,1.0
450,1191,1.0
456,1191,1.0
462,1191,1.0
468,1191,1.0
474,1191,1.0
480,1191,1.0
486,1191,1.0
492,1191,1.0
498,1191,1.0
504,1191,1.0
510,1191,1.0
516,1191,1.0
522,1191,1.0
528,1191,1.0
534,1191,1.0
540,1191,1.0
546,1191,1.0
552,1191,1.0
558,1191,1.0
564,1191,1.0
570,1191,1.0
576,1191,1.0
582,1191,1.0
588,1191,1.0
594,1191,1.0
276,1310,1.0
282,1310,1.0
288,1310,1.0
294,1310,1.0
300,1310,1.0
306,1310,1.0
312,1310,1.0
318,1310,1.0
324,1310,1.0
330,1310,1.0
336,1310,1.0
342,1310,1.0
348,1310,1.0
354,1310,1.0
360,1310,1.0
366,1310,1.0
372,1310,1.0
378,1310,1.0
384,1310,1.0
390,1310,1.0
396,1310,1.0
402,1310,1.0
408,1310,1.0
414,1310,1.0
420,1310,1.0
426,1310,1.0
432,1310,1.0
438,1310,1.0
444,1310,1.0
450,1310,1.0
456,1310,1.0
462,1310,1.0
468,1310,1.0
474,1310,1.0
480,1310,1.0
486,1310,1.0
492,1310,1.0
498,1310,1.0
504,1310,1.0
510,1310,1.0
516,1310,1.0
522,1310,1.0
528,1310,1.0
534,1310,1.0
540,1310,1.0
546,1310,1.0
552,1310,1.0
558,1310,1.0
564,1310,1.0
570,1310,1.0
576,1310,1.0
582,1310,1.0
588,1310,1.0
594,1310,1.0
282,1429,1.0
288,1429,1.0
294,1429,1.0
300,1429,1.0
306,1429,1.0
312,1429,1.0
318,1429,1.0
324,1429,1.0
330,1429,1.0
336,1429,1.0
342,1429,1.0
348,1429,1.0
354,1429,1.0
360,1429,1.0
366,1429,1.0
372,1429,1.0
378,1429,1.0
384,1429,1.0
390,1429,1.0
396,1429,1.0
402,1429,1.0
408,1429,1.0
414,1429,1.0
420,1429,1.0
426,1429,1.0
432,1429,1.0
438,1429,1.0
444,1429,1.0
450,1429,1.0
456,1429,1.0
462,1429,1.0
468,1429,1.0
474,1429,1.0
480,1429,1.0
486,1429,1.0
492,1429,1.0
498,1429,1.0
504,1429,1.0
510,1429,1.0
516,1429,1.0
522,1429,1.0
528,1429,1.0
534,1429,1.0
540,1429,1.0
546,1429,1.0
552,1429,1.0
558,1429,1.0
564,1429,1.0
570,1429,1.0
576,1429,1.0
582,1429,1.0
588,1429,1.0
594,1429,1.0
282,1548,1.0
288,1548,1.0
294,1548,1.0
300,1548,1.0
306,1548,1.0
312,1548,1.0
318,1548,1.0
324,1548,1.0
330,1548,1.0
336,1548,1.0
342,1548,1.0
348,1548,1.0
354,1548,1.0
360,1548,1.0
366,1548,1.0
372,1548,1.0
378,1548,1.0
384,1548,1.0
390,1548,1.0
396,1548,1.0
402,1548,1.0
408,1548,1.0
414,1548,1.0
420,1548,1.0
426,1548,1.0
432,1548,1.0
438,1548,1.0
444,1548,1.0
450,1548,1.0
456,1548,1.0
462,1548,1.0
468,1548,1.0
474,1548,1.0
480,1548,1.0
486,1548,1.0
492,1548,1.0
498,1548,1.0
504,1548,1.0
510,1548,1.0
516,1548,1.0
522,1548,1.0
528,1548,1.0
534,1548,1.0
540,1548,1.0
546,1548,1.0
552,1548,1.0
558,1548,1.0
564,1548,1.0
570,1548,1.0
576,1548,1.0
582,1548,1.0
588,1548,1.0
594,1548,1.0
282,1667,1.0
288,1667,1.0
294,1667,1.0
300,1667,1.0
306,1667,1.0
312,1667,1.0
318,1667,1.0
324,1667,1.0
330,1667,1.0
336,1667,1.0
342,1667,1.0
348,1667,1.0
354,1667,1.0
360,1667,1.0
366,1667,1.0
372,1667,1.0
378,1667,1.0
384,1667,1.0
390,1667,1.0
396,1667,1.0
402,1667,1.0
408,1667,1.0
414,1667,1.0
420,1667,1.0
426,1667,1.0
432,1667,1.0
438,1667,1.0
444,1667,1.0
450,1667,1.0
456,1667,1.0
462,1667,1.0
468,1667,1.0
474,1667,1.0
480,1667,1.0
486,1667,1.0
492,1667,1.0
498,1667,1.0
504,1667,1.0
510,1667,1.0
516,1667,1.0
522,1667,1.0
528,1667,1.0
534,1667,1.0
540,1667,1.0
546,1667,1.0
552,1667,1.0
558,1667,1.0
564,1667,1.0
570,1667,1.0
576,1667,1.0
582,1667,1.0
588,1667,1.0
594,1667,1.0
282,1786,1.0
288,1786,1.0
294,1786,1.0
300,1786,1.0
306,1786,1.0
312,1786,1.0
318,1786,1.0
324,1786,1.0
330,1786,1.0
336,1786,1.0
342,1786,1.0
348,1786,1.0
354,1786,1.0
360,1786,1.0
366,1786,1.0
372,1786,1.0
378,1786,1.0
384,1786,1.0
390,1786,1.0
396,1786,1.0
402,1786,1.0
408,1786,1.0
414,1786,1.0
420,1786,1.0
426,1786,1.0
432,1786,1.0
438,1786,1.0
444,1786,1.0
450,1786,1.0
456,1786,1.0
462,1786,1.0
468,1786,1.0
474,1786,1.0
480,1786,1.0
486,1786,1.0
492,1786,1.0
498,1786,1.0
504,1786,1.0
510,1786,1.0
516,1786,1.0
522,1786,1.0
528,1786,1.0
534,1786,1.0
540,1786,1.0
546,1786,1.0
552,1786,1.0
558,1786,1.0
564,1786,1.0
570,1786,1.0
576,1786,1.0
582,1786,1.0
588,1786,1.0
594,1786,1.0
288,1905,1.0
294,1905,1.0
300,1905,1.0
306,1905,1.0
312,1905,1.0
318,1905,1.0
324,1905,1.0
330,1905,1.0
336,1905,1.0
342,1905,1.0
348,1905,1.0
354,1905,1.0
360,1905,1.0
366,1905,1.0
372,1905,1.0
378,1905,1.0
384,1905,1.0
390,1905,1.0
396,1905,1.0
402,1905,1.0
408,1905,1.0
414,1905,1.0
420,1905,1.0
426,1905,1.0
432,1905,1.0
438,1905,1.0
444,1905,1.0
450,1905,1.0
456,1905,1.0
462,1905,1.0
468,1905,1.0
474,1905,1.0
480,1905,1.0
486,1905,1.0
492,1905,1.0
498,1905,1.0
504,1905,1.0
510,1905,1.0
516,1905,1.0
522,1905,1.0
528,1905,1.0
534,1905,1.0
540,1905,1.0
546,1905,1.0
552,1905,1.0
558,1905,1.0
564,1905,1.0
570,1905,1.0
576,1905,1.0
582,1905,1.0
588,1905,1.0
594,1905,1.0
288,2024,1.0
294,2024,1.0
300,2024,1.0
306,2024,1.0
312,2024,1.0
318,2024,1.0
324,2024,1.0
330,2024,1.0
336,2024,1.0
342,2024,1.0
348,2024,1.0
354,2024,1.0
360,2024,1.0
366,2024,1.0
372,2024,1.0
378,2024,1.0
384,2024,1.0
390,2024,1.0
396,2024,1.0
402,2024,1.0
408,2024,1.0
414,2024,1.0
420,2024,1.0
426,2024,1.0
432,2024,1.0
438,2024,1.0
444,2024,1.0
450,2024,1.0
456,2024,1.0
462,2024,1.0
468,2024,1.0
474,2024,1.0
480,2024,1.0
486,2024,1.0
492,2024,1.0
498,2024,1.0
504,2024,1.0
510,2024,1.0
516,2024,1.0
522,2024,1.0
528,2024,1.0
534,2024,1.0
540,2024,1.0
546,2024,1.0
552,2024,1.0
558,2024,1.0
564,2024,1.0
570,2024,1.0
576,2024,1.0
582,2024,1.0
588,2024,1.0
594,2024,1.0
288,2143,1.0
294,2143,1.0
300,2143,1.0
306,2143,1.0
312,2143,1.0
318,2143,1.0
324,2143,1.0
330,2143,1.0
336,2143,1.0
342,2143,1.0
348,2143,1.0
354,2143,1.0
360,2143,1.0
366,2143,1.0
372,2143,1.0
378,2143,1.0
384,2143,1.0
390,2143,1.0
396,2143,1.0
402,2143,1.0
408,2143,1.0
414,2143,1.0
420,2143,1.0
426,2143,1.0
432,2143,1.0
438,2143,1.0
444,2143,1.0
450,2143,1.0
456,2143,1.0
462,2143,1.0
468,2143,1.0
474,2143,1.0
480,2143,1.0
486,2143,1.0
492,2143,1.0
498,2143,1.0
504,2143,1.0
510,2143,1.0
516,2143,1.0
522,2143,1.0
528,2143,1.0
534,2143,1.0
540,2143,1.0
546,2143,1.0
552,2143,1.0
558,2143,1.0
564,2143,1.0
570,2143,1.0
576,2143,1.0
582,2143,1.0
588,2143,1.0
594,2143,1.0
288,2262,1.0
294,2262,1.0
300,2262,1.0
306,2262,1.0
312,2262,1.0
318,2262,1.0
324,2262,1.0
330,2262,1.0
336,2262,1.0
342,2262,1.0
348,2262,1.0
354,2262,1.0
360,2262,1.0
366,2262,1.0
372,2262,1.0
378,2262,1.0
384,2262,1.0
390,2262,1.0
396,2262,1.0
402,2262,1.0
408,2262,1.0
414,2262,1.0
420,2262,1.0
426,2262,1.0
432,2262,1.0
438,2262,1.0
444,2262,1.0
450,2262,1.0
456,2262,1.0
462,2262,1.0
468,2262,1.0
474,2262,1.0
480,2262,1.0
486,2262,1.0
492,2262,1.0
498,2262,1.0
504,2262,1.0
510,2262,1.0
516,2262,1.0
522,2262,1.0
528,2262,1.0
534,2262,1.0
540,2262,1.0
546,2262,1.0
552,2262,1.0
558,2262,1.0
564,2262,1.0
570,2262,1.0
576,2262,1.0
582,2262,1.0
588,2262,1.0
594,2262,1.0
288,2381,1.0
294,2381,1.0
300,2381,1.0
306,2381,1.0
312,2381,1.0
318,2381,1.0
324,2381,1.0
330,2381,1.0
336,2381,1.0
342,2381,1.0
348,2381,1.0
354,2381,1.0
360,2381,1.0
366,2381,1.0
372,2381,1.0
378,2381,1.0
384,2381,1.0
390,2381,1.0
396,2381,1.0
402,2381,1.0
408,2381,1.0
414,2381,1.0
420,2381,1.0
426,2381,1.0
432,2381,1.0
438,2381,1.0
444,2381,1.0
450,2381,1.0
456,2381,1.0
462,2381,1.0
468,2381,1.0
474,2381,1.0
480,2381,1.0
486,2381,1.0
492,2381,1.0
498,2381,1.0
504,2381,1.0
510,2381,1.0
516,2381,1.0
522,2381,1.0
528,2381,1.0
534,2381,1.0
540,2381,1.0
546,2381,1.0
552,2381,1.0
558,2381,1.0
564,2381,1.0
570,2381,1.0
576,2381,1.0
582,2381,1.0
588,2381,1.0
594,2381,1.0
288,2500,1.0
294,2500,1.0
300,2500,1.0
306,2500,1.0
312,2500,1.0
318,2500,1.0
324,2500,1.0
330,2500,1.0
336,2500,1.0
342,2500,1.0
348,2500,1.0
354,2500,1.0
360,2500,1.0
366,2500,1.0
372,2500,1.0
378,2500,1.0
384,2500,1.0
390,2500,1.0
396,2500,1.0
402,2500,1.0
408,2500,1.0
414,2500,1.0
420,2500,1.0
426,2500,1.0
432,2500,1.0
438,2500,1.0
444,2500,1.0
450,2500,1.0
456,2500,1.0
462,2500,1.0
468,2500,1.0
474,2500,1.0
480,2500,1.0
486,2500,1.0
492,2500,1.0
498,2500,1.0
504,2500,1.0
510,2500,1.0
516,2500,1.0
522,2500,1.0
528,2500,1.0
534,2500,1.0
540,2500,1.0
546,2500,1.0
552,2500,1.0
558,2500,1.0
564,2500,1.0
570,2500,1.0
576,2500,1.0
582,2500,1.0
588,2500,1.0
594,2500,1.0
294,2619,1.0
300,2619,1.0
306,2619,1.0
312,2619,1.0
318,2619,1.0
324,2619,1.0
330,2619,1.0
336,2619,1.0
342,2619,1.0
348,2619,1.0
354,2619,1.0
360,2619,1.0
366,2619,1.0
372,2619,1.0
378,2619,1.0
384,2619,1.0
390,2619,1.0
396,2619,1.0
402,2619,1.0
408,2619,1.0
414,2619,1.0
420,2619,1.0
426,2619,1.0
432,2619,1.0
438,2619,1.0
444,2619,1.0
450,2619,1.0
456,2619,1.0
462,2619,1.0
468,2619,1.0
474,2619,1.0
480,2619,1.0
486,2619,1.0
492,2619,1.0
498,2619,1.0
504,2619,1.0
510,2619,1.0
516,2619,1.0
522,2619,1.0
528,2619,1.0
534,2619,1.0
540,2619,1.0
546,2619,1.0
552,2619,1.0
558,2619,1.0
564,2619,1.0
570,2619,1.0
576,2619,1.0
582,2619,1.0
588,2619,1.0
594,2619,1.0
294,2738,1.0
300,2738,1.0
306,2738,1.0
312,2738,1.0
318,2738,1.0
324,2738,1.0
330,2738,1.0
336,2738,1.0
342,2738,1.0
348,2738,1.0
354,2738,1.0
360,2738,1.0
366,2738,1.0
372,2738,1.0
378,2738,1.0
384,2738,1.0
390,2738,1.0
396,2738,1.0
402,2738,1.0
408,2738,1.0
414,2738,1.0
420,2738,1.0
426,2738,1.0
432,2738,1.0
438,2738,1.0
444,2738,1.0
450,2738,1.0
456,2738,1.0
462,2738,1.0
468,2738,1.0
474,2738,1.0
480,2738,1.0
486,2738,1.0
492,2738,1.0
498,2738,1.0
504,2738,1.0
510,2738,1.0
516,2738,1.0
522,2738,1.0
528,2738,1.0
534,2738,1.0
540,2738,1.0
546,2738,1.0
552,2738,1.0
558,2738,1.0
564,2738,1.0
570,2738,1.0
576,2738,1.0
582,2738,1.0
588,2738,1.0
594,2738,1.0
294,2857,1.0
300,2857,1.0
306,2857,1.0
312,2857,1.0
318,2857,1.0
324,2857,1.0
330,2857,1.0
336,2857,1.0
342,2857,1.0
348,2857,1.0
354,2857,1.0
360,2857,1.0
366,2857,1.0
372,2857,1.0
378,2857,1.0
384,2857,1.0
390,2857,1.0
396,2857,1.0
402,2857,1.0
408,2857,1.0
414,2857,1.0
420,2857,1.0
426,2857,1.0
432,2857,1.0
438,2857,1.0
444,2857,1.0
450,2857,1.0
456,2857,1.0
462,2857,1.0
468,2857,1.0
474,2857,1.0
480,2857,1.0
486,2857,1.0
492,2857,1.0
498,2857,1.0
504,2857,1.0
510,2857,1.0
516,2857,1.0
522,2857,1.0
528,2857,1.0
534,2857,1.0
540,2857,1.0
546,2857,1.0
552,2857,1.0
558,2857,1.0
564,2857,1.0
570,2857,1.0
576,2857,1.0
582,2857,1.0
588,2857,1.0
594,2857,1.0
294,2976,1.0
300,2976,1.0
306,2976,1.0
312,2976,1.0
318,2976,1.0
324,2976,1.0
330,2976,1.0
336,2976,1.0
342,2976,1.0
348,2976,1.0
354,2976,1.0
360,2976,1.0
366,2976,1.0
372,2976,1.0
378,2976,1.0
384,2976,1.0
390,2976,1.0
396,2976,1.0
402,2976,1.0
408,2976,1.0
414,2976,1.0
420,2976,1.0
426,2976,1.0
432,2976,1.0
438,2976,1.0
444,2976,1.0
450,2976,1.0
456,2976,1.0
462,2976,1.0
468,2976,1.0
474,2976,1.0
480,2976,1.0
486,2976,1.0
492,2976,1.0
498,2976,1.0
504,2976,1.0
510,2976,1.0
516,2976,1.0
522,2976,1.0
528,2976,1.0
534,2976,1.0
540,2976,1.0
546,2976,1.0
552,2976,1.0
558,2976,1.0
564,2976,1.0
570,2976,1.0
576,2976,1.0
582,2976,1.0
588,2976,1.0
594,2976,1.0
294,3095,1.0
300,3095,1.0
306,3095,1.0
312,3095,1.0
318,3095,1.0
324,3095,1.0
330,3095,1.0
336,3095,1.0
342,3095,1.0
348,3095,1.0
354,3095,1.0
360,3095,1.0
366,3095,1.0
372,3095,1.0
378,3095,1.0
384,3095,1.0
390,3095,1.0
396,3095,1.0
402,3095,1.0
408,3095,1.0
414,3095,1.0
420,3095,1.0
426,3095,1.0
432,3095,1.0
438,3095,1.0
444,3095,1.0
450,3095,1.0
456,3095,1.0
462,3095,1.0
468,3095,1.0
474,3095,1.0
480,3095,1.0
486,3095,1.0
492,3095,1.0
498,3095,1.0
504,3095,1.0
510,3095,1.0
516,3095,1.0
522,3095,1.0
528,3095,1.0
534,3095,1.0
540,3095,1.0
546,3095,1.0
552,3095,1.0
558,3095,1.0
564,3095,1.0
570,3095,1.0
576,3095,1.0
582,3095,1.0
588,3095,1.0
594,3095,1.0
294,3214,1.0
300,3214,1.0
306,3214,1.0
312,3214,1.0
318,3214,1.0
324,3214,1.0
330,3214,1.0
336,3214,1.0
342,3214,1.0
348,3214,1.0
354,3214,1.0
360,3214,1.0
366,3214,1.0
372,3214,1.0
378,3214,1.0
384,3214,1.0
390,3214,1.0
396,3214,1.0
402,3214,1.0
408,3214,1.0
414,3214,1.0
420,3214,1.0
426,3214,1.0
432,3214,1.0
438,3214,1.0
444,3214,1.0
450,3214,1.0
456,3214,1.0
462,3214,1.0
468,3214,1.0
474,3214,1.0
480,3214,1.0
486,3214,1.0
492,3214,1.0
498,3214,1.0
504,3214,1.0
510,3214,1.0
516,3214,1.0
522,3214,1.0
528,3214,1.0
534,3214,1.0
540,3214,1.0
546,3214,1.0
552,3214,1.0
558,3214,1.0
564,3214,1.0
570,3214,1.0
576,3214,1.0
582,3214,1.0
588,3214,1.0
594,3214,1.0
294,3333,1.0
300,3333,1.0
306,3333,1.0
312,3333,1.0
318,3333,1.0
324,3333,1.0
330,3333,1.0
336,3333,1.0
342,3333,1.0
348,3333,1.0
354,3333,1.0
360,3333,1.0
366,3333,1.0
372,3333,1.0
378,3333,1.0
384,3333,1.0
390,3333,1.0
396,3333,1.0
402,3333,1.0
408,3333,1.0
414,3333,1.0
420,3333,1.0
426,3333,1.0
432,3333,1.0
438,3333,1.0
444,3333,1.0
450,3333,1.0
456,3333,1.0
462,3333,1.0
468,3333,1.0
474,3333,1.0
480,3333,1.0
486,3333,1.0
492,3333,1.0
498,3333,1.0
504,3333,1.0
510,3333,1.0
516,3333,1.0
522,3333,1.0
528,3333,1.0
534,3333,1.0
540,3333,1.0
546,3333,1.0
552,3333,1.0
558,3333,1.0
564,3333,1.0
570,3333,1.0
576,3333,1.0
582,3333,1.0
588,3333,1.0
594,3333,1.0
294,3452,1.0
300,3452,1.0
306,3452,1.0
312,3452,1.0
318,3452,1.0
324,3452,1.0
330,3452,1.0
336,3452,1.0
342,3452,1.0
348,3452,1.0
354,3452,1.0
360,3452,1.0
366,3452,1.0
372,3452,1.0
378,3452,1.0
384,3452,1.0
390,3452,1.0
396,3452,1.0
402,3452,1.0
408,3452,1.0
414,3452,1.0
420,3452,1.0
426,3452,1.0
432,3452,1.0
438,3452,1.0
444,3452,1.0
450,3452,1.0
456,3452,1.0
462,3452,1.0
468,3452,1.0
474,3452,1.0
480,3452,1.0
486,3452,1.0
492,3452,1.0
498,3452,1.0
504,3452,1.0
510,3452,1.0
516,3452,1.0
522,3452,1.0
528,3452,1.0
534,3452,1.0
540,3452,1.0
546,3452,1.0
552,3452,1.0
558,3452,1.0
564,3452,1.0
570,3452,1.0
576,3452,1.0
582,3452,1.0
588,3452,1.0
594,3452,1.0
300,3571,1.0
306,3571,1.0
312,3571,1.0
318,3571,1.0
324,3571,1.0
330,3571,1.0
336,3571,1.0
342,3571,1.0
348,3571,1.0
354,3571,1.0
360,3571,1.0
366,3571,1.0
372,3571,1.0
378,3571,1.0
384,3571,1.0
390,3571,1.0
396,3571,1.0
402,3571,1.0
408,3571,1.0
414,3571,1.0
420,3571,1.0
426,3571,1.0
432,3571,1.0
438,3571,1.0
444,3571,1.0
450,3571,1.0
456,3571,1.0
462,3571,1.0
468,3571,1.0
474,3571,1.0
480,3571,1.0
486,3571,1.0
492,3571,1.0
498,3571,1.0
504,3571,1.0
510,3571,1.0
516,3571,1.0
522,3571,1.0
528,3571,1.0
534,3571,1.0
540,3571,1.0
546,3571,1.0
552,3571,1.0
558,3571,1.0
564,3571,1.0
570,3571,1.0
576,3571,1.0
582,3571,1.0
588,3571,1.0
594,3571,1.0
300,3690,1.0
306,3690,1.0
312,3690,1.0
318,3690,1.0
324,3690,1.0
330,3690,1.0
336,3690,1.0
342,3690,1.0
348,3690,1.0
354,3690,1.0
360,3690,1.0
366,3690,1.0
372,3690,1.0
378,3690,1.0
384,3690,1.0
390,3690,1.0
396,3690,1.0
402,3690,1.0
408,3690,1.0
414,3690,1.0
420,3690,1.0
426,3690,1.0
432,3690,1.0
438,3690,1.0
444,3690,1.0
450,3690,1.0
456,3690,1.0
462,3690,1.0
468,3690,1.0
474,3690,1.0
480,3690,1.0
486,3690,1.0
492,3690,1.0
498,3690,1.0
504,3690,1.0
510,3690,1.0
516,3690,1.0
522,3690,1.0
528,3690,1.0
534,3690,1.0
540,3690,1.0
546,3690,1.0
552,3690,1.0
558,3690,1.0
564,3690,1.0
570,3690,1.0
576,3690,1.0
582,3690,1.0
588,3690,1.0
594,3690,1.0
300,3809,1.0
306,3809,1.0
312,3809,1.0
318,3809,1.0
324,3809,1.0
330,3809,1.0
336,3809,1.0
342,3809,1.0
348,3809,1.0
354,3809,1.0
360,3809,1.0
366,3809,1.0
372,3809,1.0
378,3809,1.0
384,3809,1.0
390,3809,1.0
396,3809,1.0
402,3809,1.0
408,3809,1.0
414,3809,1.0
420,3809,1.0
426,3809,1.0
432,3809,1.0
438,3809,1.0
444,3809,1.0
450,3809,1.0
456,3809,1.0
462,3809,1.0
468,3809,1.0
474,3809,1.0
480,3809,1.0
486,3809,1.0
492,3809,1.0
498,3809,1.0
504,3809,1.0
510,3809,1.0
516,3809,1.0
522,3809,1.0
528,3809,1.0
534,3809,1.0
540,3809,1.0
546,3809,1.0
552,3809,1.0
558,3809,1.0
564,3809,1.0
570,3809,1.0
576,3809,1.0
582,3809,1.0
588,3809,1.0
594,3809,1.0
300,3928,1.0
306,3928,1.0
312,3928,1.0
318,3928,1.0
324,3928,1.0
330,3928,1.0
336,3928,1.0
342,3928,1.0
348,3928,1.0
354,3928,1.0
360,3928,1.0
366,3928,1.0
372,3928,1.0
378,3928,1.0
384,3928,1.0
390,3928,1.0
396,3928,1.0
402,3928,1.0
408,3928,1.0
414,3928,1.0
420,3928,1.0
426,3928,1.0
432,3928,1.0
438,3928,1.0
444,3928,1.0
450,3928,1.0
456,3928,1.0
462,3928,1.0
468,3928,1.0
474,3928,1.0
480,3928,1.0
486,3928,1.0
492,3928,1.0
498,3928,1.0
504,3928,1.0
510,3928,1.0
516,3928,1.0
522,3928,1.0
528,3928,1.0
534,3928,1.0
540,3928,1.0
546,3928,1.0
552,3928,1.0
558,3928,1.0
564,3928,1.0
570,3928,1.0
576,3928,1.0
582,3928,1.0
588,3928,1.0
594,3928,1.0
300,4047,1.0
306,4047,1.0
312,4047,1.0
318,4047,1.0
324,4047,1.0
330,4047,1.0
336,4047,1.0
342,4047,1.0
348,4047,1.0
354,4047,1.0
360,4047,1.0
366,4047,1.0
372,4047,1.0
378,4047,1.0
384,4047,1.0
390,4047,1.0
396,4047,1.0
402,4047,1.0
408,4047,1.0
414,4047,1.0
420,4047,1.0
426,4047,1.0
432,4047,1.0
438,4047,1.0
444,4047,1.0
450,4047,1.0
456,4047,1.0
462,4047,1.0
468,4047,1.0
474,4047,1.0
480,4047,1.0
486,4047,1.0
492,4047,1.0
498,4047,1.0
504,4047,1.0
510,4047,1.0
516,4047,1.0
522,4047,1.0
528,4047,1.0
534,4047,1.0
540,4047,1.0
546,4047,1.0
552,4047,1.0
558,4047,1.0
564,4047,1.0
570,4047,1.0
576,4047,1.0
582,4047,1.0
588,4047,1.0
594,4047,1.0
300,4166,1.0
306,4166,1.0
312,4166,1.0
318,4166,1.0
324,4166,1.0
330,4166,1.0
336,4166,1.0
342,4166,1.0
348,4166,1.0
354,4166,1.0
360,4166,1.0
366,4166,1.0
372,4166,1.0
378,4166,1.0
384,4166,1.0
390,4166,1.0
396,4166,1.0
402,4166,1.0
408,4166,1.0
414,4166,1.0
420,4166,1.0
426,4166,1.0
432,4166,1.0
438,4166,1.0
444,4166,1.0
450,4166,1.0
456,4166,1.0
462,4166,1.0
468,4166,1.0
474,4166,1.0
480,4166,1.0
486,4166,1.0
492,4166,1.0
498,4166,1.0
504,4166,1.0
510,4166,1.0
516,4166,1.0
522,4166,1.0
528,4166,1.0
534,4166,1.0
540,4166,1.0
546,4166,1.0
552,4166,1.0
558,4166,1.0
564,4166,1.0
570,4166,1.0
576,4166,1.0
582,4166,1.0
588,4166,1.0
594,4166,1.0
300,4285,1.0
306,4285,1.0
312,4285,1.0
318,4285,1.0
324,4285,1.0
330,4285,1.0
336,4285,1.0
342,4285,1.0
348,4285,1.0
354,4285,1.0
360,4285,1.0
366,4285,1.0
372,4285,1.0
378,4285,1.0
384,4285,1.0
390,4285,1.0
396,4285,1.0
402,4285,1.0
408,4285,1.0
414,4285,1.0
420,4285,1.0
426,4285,1.0
432,4285,1.0
438,4285,1.0
444,4285,1.0
450,4285,1.0
456,4285,1.0
462,4285,1.0
468,4285,1.0
474,4285,1.0
480,4285,1.0
486,4285,1.0
492,4285,1.0
498,4285,1.0
504,4285,1.0
510,4285,1.0
516,4285,1.0
522,4285,1.0
528,4285,1.0
534,4285,1.0
540,4285,1.0
546,4285,1.0
552,4285,1.0
558,4285,1.0
564,4285,1.0
570,4285,1.0
576,4285,1.0
582,4285,1.0
588,4285,1.0
594,4285,1.0
300,4404,1.0
306,4404,1.0
312,4404,1.0
318,4404,1.0
324,4404,1.0
330,4404,1.0
336,4404,1.0
342,4404,1.0
348,4404,1.0
354,4404,1.0
360,4404,1.0
366,4404,1.0
372,4404,1.0
378,4404,1.0
384,4404,1.0
390,4404,1.0
396,4404,1.0
402,4404,1.0
408,4404,1.0
414,4404,1.0
420,4404,1.0
426,4404,1.0
432,4404,1.0
438,4404,1.0
444,4404,1.0
450,4404,1.0
456,4404,1.0
462,4404,1.0
468,4404,1.0
474,4404,1.0
480,4404,1.0
486,4404,1.0
492,4404,1.0
498,4404,1.0
504,4404,1.0
510,4404,1.0
516,4404,1.0
522,4404,1.0
528,4404,1.0
534,4404,1.0
540,4404,1.0
546,4404,1.0
552,4404,1.0
558,4404,1.0
564,4404,1.0
570,4404,1.0
576,4404,1.0
582,4404,1.0
588,4404,1.0
594,4404,1.0
300,4523,1.0
306,4523,1.0
312,4523,1.0
318,4523,1.0
324,4523,1.0
330,4523,1.0
336,4523,1.0
342,4523,1.0
348,4523,1.0
354,4523,1.0
360,4523,1.0
366,4523,1.0
372,4523,1.0
378,4523,1.0
384,4523,1.0
390,4523,1.0
396,4523,1.0
402,4523,1.0
408,4523,1.0
414,4523,1.0
420,4523,1.0
426,4523,1.0
432,4523,1.0
438,4523,1.0
444,4523,1.0
450,4523,1.0
456,4523,1.0
462,4523,1.0
468,4523,1.0
474,4523,1.0
480,4523,1.0
486,4523,1.0
492,4523,1.0
498,4523,1.0
504,4523,1.0
510,4523,1.0
516,4523,1.0
522,4523,1.0
528,4523,1.0
534,4523,1.0
540,4523,1.0
546,4523,1.0
552,4523,1.0
558,4523,1.0
564,4523,1.0
570,4523,1.0
576,4523,1.0
582,4523,1.0
588,4523,1.0
594,4523,1.0
300,4642,1.0
306,4642,1.0
312,4642,1.0
318,4642,1.0
324,4642,1.0
330,4642,1.0
336,4642,1.0
342,4642,1.0
348,4642,1.0
354,4642,1.0
360,4642,1.0
366,4642,1.0
372,4642,1.0
378,4642,1.0
384,4642,1.0
390,4642,1.0
396,4642,1.0
402,4642,1.0
408,4642,1.0
414,4642,1.0
420,4642,1.0
426,4642,1.0
432,4642,1.0
438,4642,1.0
444,4642,1.0
450,4642,1.0
456,4642,1.0
462,4642,1.0
468,4642,1.0
474,4642,1.0
480,4642,1.0
486,4642,1.0
492,4642,1.0
498,4642,1.0
504,4642,1.0
510,4642,1.0
516,4642,1.0
522,4642,1.0
528,4642,1.0
534,4642,1.0
540,4642,1.0
546,4642,1.0
552,4642,1.0
558,4642,1.0
564,4642,1.0
570,4642,1.0
576,4642,1.0
582,4642,1.0
588,4642,1.0
594,4642,1.0
306,4761,1.0
312,4761,1.0
318,4761,1.0
324,4761,1.0
330,4761,1.0
336,4761,1.0
342,4761,1.0
348,4761,1.0
354,4761,1.0
360,4761,1.0
366,4761,1.0
372,4761,1.0
378,4761,1.0
384,4761,1.0
390,4761,1.0
396,4761,1.0
402,4761,1.0
408,4761,1.0
414,4761,1.0
420,4761,1.0
426,4761,1.0
432,4761,1.0
438,4761,1.0
444,4761,1.0
450,4761,1.0
456,4761,1.0
462,4761,1.0
468,4761,1.0
474,4761,1.0
480,4761,1.0
486,4761,1.0
492,4761,1.0
498,4761,1.0
504,4761,1.0
510,4761,1.0
516,4761,1.0
522,4761,1.0
528,4761,1.0
534,4761,1.0
540,4761,1.0
546,4761,1.0
552,4761,1.0
558,4761,1.0
564,4761,1.0
570,4761,1.0
576,4761,1.0
582,4761,1.0
588,4761,1.0
594,4761,1.0
306,4880,1.0
312,4880,1.0
318,4880,1.0
324,4880,1.0
330,4880,1.0
336,4880,1.0
342,4880,1.0
348,4880,1.0
354,4880,1.0
360,4880,1.0
366,4880,1.0
372,4880,1.0
378,4880,1.0
384,4880,1.0
390,4880,1.0
396,4880,1.0
402,4880,1.0
408,4880,1.0
414,4880,1.0
420,4880,1.0
426,4880,1.0
432,4880,1.0
438,4880,1.0
444,4880,1.0
450,4880,1.0
456,4880,1.0
462,4880,1.0
468,4880,1.0
474,4880,1.0
480,4880,1.0
486,4880,1.0
492,4880,1.0
498,4880,1.0
504,4880,1.0
510,4880,1.0
516,4880,1.0
522,4880,1.0
528,4880,1.0
534,4880,1.0
540,4880,1.0
546,4880,1.0
552,4880,1.0
558,4880,1.0
564,4880,1.0
570,4880,1.0
576,4880,1.0
582,4880,1.0
588,4880,1.0
594,4880,1.0
306,4999,1.0
312,4999,1.0
318,4999,1.0
324,4999,1.0
330,4999,1.0
336,4999,1.0
342,4999,1.0
348,4999,1.0
354,4999,1.0
360,4999,1.0
366,4999,1.0
372,4999,1.0
378,4999,1.0
384,4999,1.0
390,4999,1.0
396,4999,1.0
402,4999,1.0
408,4999,1.0
414,4999,1.0
420,4999,1.0
426,4999,1.0
432,4999,1.0
438,4999,1.0
444,4999,1.0
450,4999,1.0
456,4999,1.0
462,4999,1.0
468,4999,1.0
474,4999,1.0
480,4999,1.0
486,4999,1.0
492,4999,1.0
498,4999,1.0
504,4999,1.0
510,4999,1.0
516,4999,1.0
522,4999,1.0
528,4999,1.0
534,4999,1.0
540,4999,1.0
546,4999,1.0
552,4999,1.0
558,4999,1.0
564,4999,1.0
570,4999,1.0
576,4999,1.0
582,4999,1.0
588,4999,1.0
594,4999,1.0
306,5118,1.0
312,5118,1.0
318,5118,1.0
324,5118,1.0
330,5118,1.0
336,5118,1.0
342,5118,1.0
348,5118,1.0
354,5118,1.0
360,5118,1.0
366,5118,1.0
372,5118,1.0
378,5118,1.0
384,5118,1.0
390,5118,1.0
396,5118,1.0
402,5118,1.0
408,5118,1.0
414,5118,1.0
420,5118,1.0
426,5118,1.0
432,5118,1.0
438,5118,1.0
444,5118,1.0
450,5118,1.0
456,5118,1.0
462,5118,1.0
468,5118,1.0
474,5118,1.0
480,5118,1.0
486,5118,1.0
492,5118,1.0
498,5118,1.0
504,5118,1.0
510,5118,1.0
516,5118,1.0
522,5118,1.0
528,5118,1.0
534,5118,1.0
540,5118,1.0
546,5118,1.0
552,5118,1.0
558,5118,1.0
564,5118,1.0
570,5118,1.0
576,5118,1.0
582,5118,1.0
588,5118,1.0
594,5118,1.0
306,5237,1.0
312,5237,1.0
318,5237,1.0
324,5237,1.0
330,5237,1.0
336,5237,1.0
342,5237,1.0
348,5237,1.0
354,5237,1.0
360,5237,1.0
366,5237,1.0
372,5237,1.0
378,5237,1.0
384,5237,1.0
390,5237,1.0
396,5237,1.0
402,5237,1.0
408,5237,1.0
414,5237,1.0
420,5237,1.0
426,5237,1.0
432,5237,1.0
438,5237,1.0
444,5237,1.0
450,5237,1.0
456,5237,1.0
462,5237,1.0
468,5237,1.0
474,5237,1.0
480,5237,1.0
486,5237,1.0
492,5237,1.0
498,5237,1.0
504,5237,1.0
510,5237,1.0
516,5237,1.0
522,5237,1.0
528,5237,1.0
534,5237,1.0
540,5237,1.0
546,5237,1.0
552,5237,1.0
558,5237,1.0
564,5237,1.0
570,5237,1.0
576,5237,1.0
582,5237,1.0
588,5237,1.0
594,5237,1.0
306,5356,1.0
312,5356,1.0
318,5356,1.0
324,5356,1.0
330,5356,1.0
336,5356,1.0
342,5356,1.0
348,5356,1.0
354,5356,1.0
360,5356,1.0
366,5356,1.0
372,5356,1.0
378,5356,1.0
384,5356,1.0
390,5356,1.0
396,5356,1.0
402,5356,1.0
408,5356,1.0
414,5356,1.0
420,5356,1.0
426,5356,1.0
432,5356,1.0
438,5356,1.0
444,5356,1.0
450,5356,1.0
456,5356,1.0
462,5356,1.0
468,5356,1.0
474,5356,1.0
480,5356,1.0
486,5356,1.0
492,5356,1.0
498,5356,1.0
504,5356,1.0
510,5356,1.0
516,5356,1.0
522,5356,1.0
528,5356,1.0
534,5356,1.0
540,5356,1.0
546,5356,1.0
552,5356,1.0
558,5356,1.0
564,5356,1.0
570,5356,1.0
576,5356,1.0
582,5356,1.0
588,5356,1.0
594,5356,1.0
306,5475,1.0
312,5475,1.0
318,5475,1.0
324,5475,1.0
330,5475,1.0
336,5475,1.0
342,5475,1.0
348,5475,1.0
354,5475,1.0
360,5475,1.0
366,5475,1.0
372,5475,1.0
378,5475,1.0
384,5475,1.0
390,5475,1.0
396,5475,1.0
402,5475,1.0
408,5475,1.0
414,5475,1.0
420,5475,1.0
426,5475,1.0
432,5475,1.0
438,5475,1.0
444,5475,1.0
450,5475,1.0
456,5475,1.0
462,5475,1.0
468,5475,1.0
474,5475,1.0
480,5475,1.0
486,5475,1.0
492,5475,1.0
498,5475,1.0
504,5475,1.0
510,5475,1.0
516,5475,1.0
522,5475,1.0
528,5475,1.0
534,5475,1.0
540,5475,1.0
546,5475,1.0
552,5475,1.0
558,5475,1.0
564,5475,1.0
570,5475,1.0
576,5475,1.0
582,5475,1.0
588,5475,1.0
594,5475,1.0
306,5594,1.0
312,5594,1.0
318,5594,1.0
324,5594,1.0
330,5594,1.0
336,5594,1.0
342,5594,1.0
348,5594,1.0
354,5594,1.0
360,5594,1.0
366,5594,1.0
372,5594,1.0
378,5594,1.0
384,5594,1.0
390,5594,1.0
396,5594,1.0
402,5594,1.0
408,5594,1.0
414,5594,1.0
420,5594,1.0
426,5594,1.0
432,5594,1.0
438,5594,1.0
444,5594,1.0
450,5594,1.0
456,5594,1.0
462,5594,1.0
468,5594,1.0
474,5594,1.0
480,5594,1.0
486,5594,1.0
492,5594,1.0
498,5594,1.0
504,5594,1.0
510,5594,1.0
516,5594,1.0
522,5594,1.0
528,5594,1.0
534,5594,1.0
540,5594,1.0
546,5594,1.0
552,5594,1.0
558,5594,1.0
564,5594,1.0
570,5594,1.0
576,5594,1.0
582,5594,1.0
588,5594,1.0
594,5594,1.0
306,5713,1.0
312,5713,1.0
318,5713,1.0
324,5713,1.0
330,5713,1.0
336,5713,1.0
342,5713,1.0
348,5713,1.0
354,5713,1.0
360,5713,1.0
366,5713,1.0
372,5713,1.0
378,5713,1.0
384,5713,1.0
390,5713,1.0
396,5713,1.0
402,5713,1.0
408,5713,1.0
414,5713,1.0
420,5713,1.0
426,5713,1.0
432,5713,1.0
438,5713,1.0
444,5713,1.0
450,5713,1.0
456,5713,1.0
462,5713,1.0
468,5713,1.0
474,5713,1.0
480,5713,1.0
486,5713,1.0
492,5713,1.0
498,5713,1.0
504,5713,1.0
510,5713,1.0
516,5713,1.0
522,5713,1.0
528,5713,1.0
534,5713,1.0
540,5713,1.0
546,5713,1.0
552,5713,1.0
558,5713,1.0
564,5713,1.0
570,5713,1.0
576,5713,1.0
582,5713,1.0
588,5713,1.0
594,5713,1.0
306,5832,1.0
312,5832,1.0
318,5832,1.0
324,5832,1.0
330,5832,1.0
336,5832,1.0
342,5832,1.0
348,5832,1.0
354,5832,1.0
360,5832,1.0
366,5832,1.0
372,5832,1.0
378,5832,1.0
384,5832,1.0
390,5832,1.0
396,5832,1.0
402,5832,1.0
408,5832,1.0
414,5832,1.0
420,5832,1.0
426,5832,1.0
432,5832,1.0
438,5832,1.0
444,5832,1.0
450,5832,1.0
456,5832,1.0
462,5832,1.0
468,5832,1.0
474,5832,1.0
480,5832,1.0
486,5832,1.0
492,5832,1.0
498,5832,1.0
504,5832,1.0
510,5832,1.0
516,5832,1.0
522,5832,1.0
528,5832,1.0
534,5832,1.0
540,5832,1.0
546,5832,1.0
552,5832,1.0
558,5832,1.0
564,5832,1.0
570,5832,1.0
576,5832,1.0
582,5832,1.0
588,5832,1.0
594,5832,1.0
306,5951,1.0
312,5951,1.0
318,5951,1.0
324,5951,1.0
330,5951,1.0
336,5951,1.0
342,5951,1.0
348,5951,1.0
354,5951,1.0
360,5951,1.0
366,5951,1.0
372,5951,1.0
378,5951,1.0
384,5951,1.0
390,5951,1.0
396,5951,1.0
402,5951,1.0
408,5951,1.0
414,5951,1.0
420,5951,1.0
426,5951,1.0
432,5951,1.0
438,5951,1.0
444,5951,1.0
450,5951,1.0
456,5951,1.0
462,5951,1.0
468,5951,1.0
474,5951,1.0
480,5951,1.0
486,5951,1.0
492,5951,1.0
498,5951,1.0
504,5951,1.0
510,5951,1.0
516,5951,1.0
522,5951,1.0
528,5951,1.0
534,5951,1.0
540,5951,1.0
546,5951,1.0
552,5951,1.0
558,5951,1.0
564,5951,1.0
570,5951,1.0
576,5951,1.0
582,5951,1.0
588,5951,1.0
594,5951,1.0
306,6070,1.0
312,6070,1.0
318,6070,1.0
324,6070,1.0
330,6070,1.0
336,6070,1.0
342,6070,1.0
348,6070,1.0
354,6070,1.0
360,6070,1.0
366,6070,1.0
372,6070,1.0
378,6070,1.0
384,6070,1.0
390,6070,1.0
396,6070,1.0
402,6070,1.0
408,6070,1.0
414,6070,1.0
420,6070,1.0
426,6070,1.0
432,6070,1.0
438,6070,1.0
444,6070,1.0
450,6070,1.0
456,6070,1.0
462,6070,1.0
468,6070,1.0
474,6070,1.0
480,6070,1.0
486,6070,1.0
492,6070,1.0
498,6070,1.0
504,6070,1.0
510,6070,1.0
516,6070,1.0
522,6070,1.0
528,6070,1.0
534,6070,1.0
540,6070,1.0
546,6070,1.0
552,6070,1.0
558,6070,1.0
564,6070,1.0
570,6070,1.0
576,6070,1.0
582,6070,1.0
588,6070,1.0
594,6070,1.0
312,6189,1.0
318,6189,1.0
324,6189,1.0
330,6189,1.0
336,6189,1.0
342,6189,1.0
348,6189,1.0
354,6189,1.0
360,6189,1.0
366,6189,1.0
372,6189,1.0
378,6189,1.0
384,6189,1.0
390,6189,1.0
396,6189,1.0
402,6189,1.0
408,6189,1.0
414,6189,1.0
420,6189,1.0
426,6189,1.0
432,6189,1.0
438,6189,1.0
444,6189,1.0
450,6189,1.0
456,6189,1.0
462,6189,1.0
468,6189,1.0
474,6189,1.0
480,6189,1.0
486,6189,1.0
492,6189,1.0
498,6189,1.0
504,6189,1.0
510,6189,1.0
516,6189,1.0
522,6189,1.0
528,6189,1.0
534,6189,1.0
540,6189,1.0
546,6189,1.0
552,6189,1.0
558,6189,1.0
564,6189,1.0
570,6189,1.0
576,6189,1.0
582,6189,1.0
588,6189,1.0
594,6189,1.0
312,6308,1.0
318,6308,1.0
324,6308,1.0
330,6308,1.0
336,6308,1.0
342,6308,1.0
348,6308,1.0
354,6308,1.0
360,6308,1.0
366,6308,1.0
372,6308,1.0
378,6308,1.0
384,6308,1.0
390,6308,1.0
396,6308,1.0
402,6308,1.0
408,6308,1.0
414,6308,1.0
420,6308,1.0
426,6308,1.0
432,6308,1.0
438,6308,1.0
444,6308,1.0
450,6308,1.0
456,6308,1.0
462,6308,1.0
468,6308,1.0
474,6308,1.0
480,6308,1.0
486,6308,1.0
492,6308,1.0
498,6308,1.0
504,6308,1.0
510,6308,1.0
516,6308,1.0
522,6308,1.0
528,6308,1.0
534,6308,1.0
540,6308,1.0
546,6308,1.0
552,6308,1.0
558,6308,1.0
564,6308,1.0
570,6308,1.0
576,6308,1.0
582,6308,1.0
588,6308,1.0
594,6308,1.0
312,6427,1.0
318,6427,1.0
324,6427,1.0
330,6427,1.0
336,6427,1.0
342,6427,1.0
348,6427,1.0
354,6427,1.0
360,6427,1.0
366,6427,1.0
372,6427,1.0
378,6427,1.0
384,6427,1.0
390,6427,1.0
396,6427,1.0
402,6427,1.0
408,6427,1.0
414,6427,1.0
420,6427,1.0
426,6427,1.0
432,6427,1.0
438,6427,1.0
444,6427,1.0
450,6427,1.0
456,6427,1.0
462,6427,1.0
468,6427,1.0
474,6427,1.0
480,6427,1.0
486,6427,1.0
492,6427,1.0
498,6427,1.0
504,6427,1.0
510,6427,1.0
516,6427,1.0
522,6427,1.0
528,6427,1.0
534,6427,1.0
540,6427,1.0
546,6427,1.0
552,6427,1.0
558,6427,1.0
564,6427,1.0
570,6427,1.0
576,6427,1.0
582,6427,1.0
588,6427,1.0
594,6427,1.0
312,6546,1.0
318,6546,1.0
324,6546,1.0
330,6546,1.0
336,6546,1.0
342,6546,1.0
348,6546,1.0
354,6546,1.0
360,6546,1.0
366,6546,1.0
372,6546,1.0
378,6546,1.0
384,6546,1.0
390,6546,1.0
396,6546,1.0
402,6546,1.0
408,6546,1.0
414,6546,1.0
420,6546,1.0
426,6546,1.0
432,6546,1.0
438,6546,1.0
444,6546,1.0
450,6546,1.0
456,6546,1.0
462,6546,1.0
468,6546,1.0
474,6546,1.0
480,6546,1.0
486,6546,1.0
492,6546,1.0
498,6546,1.0
504,6546,1.0
510,6546,1.0
516,6546,1.0
522,6546,1.0
528,6546,1.0
534,6546,1.0
540,6546,1.0
546,6546,1.0
552,6546,1.0
558,6546,1.0
564,6546,1.0
570,6546,1.0
576,6546,1.0
582,6546,1.0
588,6546,1.0
594,6546,1.0
312,6665,1.0
318,6665,1.0
324,6665,1.0
330,6665,1.0
336,6665,1.0
342,6665,1.0
348,6665,1.0
354,6665,1.0
360,6665,1.0
366,6665,1.0
372,6665,1.0
378,6665,1.0
384,6665,1.0
390,6665,1.0
396,6665,1.0
402,6665,1.0
408,6665,1.0
414,6665,1.0
420,6665,1.0
426,6665,1.0
432,6665,1.0
438,6665,1.0
444,6665,1.0
450,6665,1.0
456,6665,1.0
462,6665,1.0
468,6665,1.0
474,6665,1.0
480,6665,1.0
486,6665,1.0
492,6665,1.0
498,6665,1.0
504,6665,1.0
510,6665,1.0
516,6665,1.0
522,6665,1.0
528,6665,1.0
534,6665,1.0
540,6665,1.0
546,6665,1.0
552,6665,1.0
558,6665,1.0
564,6665,1.0
570,6665,1.0
576,6665,1.0
582,6665,1.0
588,6665,1.0
594,6665,1.0
312,6784,1.0
318,6784,1.0
324,6784,1.0
330,6784,1.0
336,6784,1.0
342,6784,1.0
348,6784,1.0
354,6784,1.0
360,6784,1.0
366,6784,1.0
372,6784,1.0
378,6784,1.0
384,6784,1.0
390,6784,1.0
396,6784,1.0
402,6784,1.0
408,6784,1.0
414,6784,1.0
420,6784,1.0
426,6784,1.0
432,6784,1.0
438,6784,1.0
444,6784,1.0
450,6784,1.0
456,6784,1.0
462,6784,1.0
468,6784,1.0
474,6784,1.0
480,6784,1.0
486,6784,1.0
492,6784,1.0
498,6784,1.0
504,6784,1.0
510,6784,1.0
516,6784,1.0
522,6784,1.0
528,6784,1.0
534,6784,1.0
540,6784,1.0
546,6784,1.0
552,6784,1.0
558,6784,1.0
564,6784,1.0
570,6784,1.0
576,6784,1.0
582,6784,1.0
588,6784,1.0
594,6784,1.0
312,6903,1.0
318,6903,1.0
324,6903,1.0
330,6903,1.0
336,6903,1.0
342,6903,1.0
348,6903,1.0
354,6903,1.0
360,6903,1.0
366,6903,1.0
372,6903,1.0
378,6903,1.0
384,6903,1.0
390,6903,1.0
396,6903,1.0
402,6903,1.0
408,6903,1.0
414,6903,1.0
420,6903,1.0
426,6903,1.0
432,6903,1.0
438,6903,1.0
444,6903,1.0
450,6903,1.0
456,6903,1.0
462,6903,1.0
468,6903,1.0
474,6903,1.0
480,6903,1.0
486,6903,1.0
492,6903,1.0
498,6903,1.0
504,6903,1.0
510,6903,1.0
516,6903,1.0
522,6903,1.0
528,6903,1.0
534,6903,1.0
540,6903,1.0
546,6903,1.0
552,6903,1.0
558,6903,1.0
564,6903,1.0
570,6903,1.0
576,6903,1.0
582,6903,1.0
588,6903,1.0
594,6903,1.0
312,7022,1.0
318,7022,1.0
324,7022,1.0
330,7022,1.0
336,7022,1.0
342,7022,1.0
348,7022,1.0
354,7022,1.0
360,7022,1.0
366,7022,1.0
372,7022,1.0
378,7022,1.0
384,7022,1.0
390,7022,1.0
396,7022,1.0
402,7022,1.0
408,7022,1.0
414,7022,1.0
420,7022,1.0
426,7022,1.0
432,7022,1.0
438,7022,1.0
444,7022,1.0
450,7022,1.0
456,7022,1.0
462,7022,1.0
468,7022,1.0
474,7022,1.0
480,7022,1.0
486,7022,1.0
492,7022,1.0
498,7022,1.0
504,7022,1.0
510,7022,1.0
516,7022,1.0
522,7022,1.0
528,7022,1.0
534,7022,1.0
540,7022,1.0
546,7022,1.0
552,7022,1.0
558,7022,1.0
564,7022,1.0
570,7022,1.0
576,7022,1.0
582,7022,1.0
588,7022,1.0
594,7022,1.0
312,7141,1.0
318,7141,1.0
324,7141,1.0
330,7141,1.0
336,7141,1.0
342,7141,1.0
348,7141,1.0
354,7141,1.0
360,7141,1.0
366,7141,1.0
372,7141,1.0
378,7141,1.0
384,7141,1.0
390,7141,1.0
396,7141,1.0
402,7141,1.0
408,7141,1.0
414,7141,1.0
420,7141,1.0
426,7141,1.0
432,7141,1.0
438,7141,1.0
444,7141,1.0
450,7141,1.0
456,7141,1.0
462,7141,1.0
468,7141,1.0
474,7141,1.0
480,7141,1.0
486,7141,1.0
492,7141,1.0
498,7141,1.0
504,7141,1.0
510,7141,1.0
516,7141,1.0
522,7141,1.0
528,7141,1.0
534,7141,1.0
540,7141,1.0
546,7141,1.0
552,7141,1.0
558,7141,1.0
564,7141,1.0
570,7141,1.0
576,7141,1.0
582,7141,1.0
588,7141,1.0
594,7141,1.0
312,7260,1.0
318,7260,1.0
324,7260,1.0
330,7260,1.0
336,7260,1.0
342,7260,1.0
348,7260,1.0
354,7260,1.0
360,7260,1.0
366,7260,1.0
372,7260,1.0
378,7260,1.0
384,7260,1.0
390,7260,1.0
396,7260,1.0
402,7260,1.0
408,7260,1.0
414,7260,1.0
420,7260,1.0
426,7260,1.0
432,7260,1.0
438,7260,1.0
444,7260,1.0
450,7260,1.0
456,7260,1.0
462,7260,1.0
468,7260,1.0
474,7260,1.0
480,7260,1.0
486,7260,1.0
492,7260,1.0
498,7260,1.0
504,7260,1.0
510,7260,1.0
516,7260,1.0
522,7260,1.0
528,7260,1.0
534,7260,1.0
540,7260,1.0
546,7260,1.0
552,7260,1.0
558,7260,1.0
564,7260,1.0
570,7260,1.0
576,7260,1.0
582,7260,1.0
588,7260,1.0
594,7260,1.0
312,7379,1.0
318,7379,1.0
324,7379,1.0
330,7379,1.0
336,7379,1.0
342,7379,1.0
348,7379,1.0
354,7379,1.0
360,7379,1.0
366,7379,1.0
372,7379,1.0
378,7379,1.0
384,7379,1.0
390,7379,1.0
396,7379,1.0
402,7379,1.0
408,7379,1.0
414,7379,1.0
420,7379,1.0
426,7379,1.0
432,7379,1.0
438,7379,1.0
444,7379,1.0
450,7379,1.0
456,7379,1.0
462,7379,1.0
468,7379,1.0
474,7379,1.0
480,7379,1.0
486,7379,1.0
492,7379,1.0
498,7379,1.0
504,7379,1.0
510,7379,1.0
516,7379,1.0
522,7379,1.0
528,7379,1.0
534,7379,1.0
540,7379,1.0
546,7379,1.0
552,7379,1.0
558,7379,1.0
564,7379,1.0
570,7379,1.0
576,7379,1.0
582,7379,1.0
588,7379,1.0
594,7379,1.0
312,7498,1.0
318,7498,1.0
324,7498,1.0
330,7498,1.0
336,7498,1.0
342,7498,1.0
348,7498,1.0
354,7498,1.0
360,7498,1.0
366,7498,1.0
372,7498,1.0
378,7498,1.0
384,7498,1.0
390,7498,1.0
396,7498,1.0
402,7498,1.0
408,7498,1.0
414,7498,1.0
420,7498,1.0
426,7498,1.0
432,7498,1.0
438,7498,1.0
444,7498,1.0
450,7498,1.0
456,7498,1.0
462,7498,1.0
468,7498,1.0
474,7498,1.0
480,7498,1.0
486,7498,1.0
492,7498,1.0
498,7498,1.0
504,7498,1.0
510,7498,1.0
516,7498,1.0
522,7498,1.0
528,7498,1.0
534,7498,1.0
540,7498,1.0
546,7498,1.0
552,7498,1.0
558,7498,1.0
564,7498,1.0
570,7498,1.0
576,7498,1.0
582,7498,1.0
588,7498,1.0
594,7498,1.0
312,7617,1.0
318,7617,1.0
324,7617,1.0
330,7617,1.0
336,7617,1.0
342,7617,1.0
348,7617,1.0
354,7617,1.0
360,7617,1.0
366,7617,1.0
372,7617,1.0
378,7617,1.0
384,7617,1.0
390,7617,1.0
396,7617,1.0
402,7617,1.0
408,7617,1.0
414,7617,1.0
420,7617,1.0
426,7617,1.0
432,7617,1.0
438,7617,1.0
444,7617,1.0
450,7617,1.0
456,7617,1.0
462,7617,1.0
468,7617,1.0
474,7617,1.0
480,7617,1.0
486,7617,1.0
492,7617,1.0
498,7617,1.0
504,7617,1.0
510,7617,1.0
516,7617,1.0
522,7617,1.0
528,7617,1.0
534,7617,1.0
540,7617,1.0
546,7617,1.0
552,7617,1.0
558,7617,1.0
564,7617,1.0
570,7617,1.0
576,7617,1.0
582,7617,1.0
588,7617,1.0
594,7617,1.0
312,7736,1.0
318,7736,1.0
324,7736,1.0
330,7736,1.0
336,7736,1.0
342,7736,1.0
348,7736,1.0
354,7736,1.0
360,7736,1.0
366,7736,1.0
372,7736,1.0
378,7736,1.0
384,7736,1.0
390,7736,1.0
396,7736,1.0
402,7736,1.0
408,7736,1.0
414,7736,1.0
420,7736,1.0
426,7736,1.0
432,7736,1.0
438,7736,1.0
444,7736,1.0
450,7736,1.0
456,7736,1.0
462,7736,1.0
468,7736,1.0
474,7736,1.0
480,7736,1.0
486,7736,1.0
492,7736,1.0
498,7736,1.0
504,7736,1.0
510,7736,1.0
516,7736,1.0
522,7736,1.0
528,7736,1.0
534,7736,1.0
540,7736,1.0
546,7736,1.0
552,7736,1.0
558,7736,1.0
564,7736,1.0
570,7736,1.0
576,7736,1.0
582,7736,1.0
588,7736,1.0
594,7736,1.0
312,7855,1.0
318,7855,1.0
324,7855,1.0
330,7855,1.0
336,7855,1.0
342,7855,1.0
348,7855,1.0
354,7855,1.0
360,7855,1.0
366,7855,1.0
372,7855,1.0
378,7855,1.0
384,7855,1.0
390,7855,1.0
396,7855,1.0
402,7855,1.0
408,7855,1.0
414,7855,1.0
420,7855,1.0
426,7855,1.0
432,7855,1.0
438,7855,1.0
444,7855,1.0
450,7855,1.0
456,7855,1.0
462,7855,1.0
468,7855,1.0
474,7855,1.0
480,7855,1.0
486,7855,1.0
492,7855,1.0
498,7855,1.0
504,7855,1.0
510,7855,1.0
516,7855,1.0
522,7855,1.0
528,7855,1.0
534,7855,1.0
540,7855,1.0
546,7855,1.0
552,7855,1.0
558,7855,1.0
564,7855,1.0
570,7855,1.0
576,7855,1.0
582,7855,1.0
588,7855,1.0
594,7855,1.0
312,7974,1.0
318,7974,1.0
324,7974,1.0
330,7974,1.0
336,7974,1.0
342,7974,1.0
348,7974,1.0
354,7974,1.0
360,7974,1.0
366,7974,1.0
372,7974,1.0
378,7974,1.0
384,7974,1.0
390,7974,1.0
396,7974,1.0
402,7974,1.0
408,7974,1.0
414,7974,1.0
420,7974,1.0
426,7974,1.0
432,7974,1.0
438,7974,1.0
444,7974,1.0
450,7974,1.0
456,7974,1.0
462,7974,1.0
468,7974,1.0
474,7974,1.0
480,7974,1.0
486,7974,1.0
492,7974,1.0
498,7974,1.0
504,7974,1.0
510,7974,1.0
516,7974,1.0
522,7974,1.0
528,7974,1.0
534,7974,1.0
540,7974,1.0
546,7974,1.0
552,7974,1.0
558,7974,1.0
564,7974,1.0
570,7974,1.0
576,7974,1.0
582,7974,1.0
588,7974,1.0
594,7974,1.0
318,8093,1.0
324,8093,1.0
330,8093,1.0
336,8093,1.0
342,8093,1.0
348,8093,1.0
354,8093,1.0
360,8093,1.0
366,8093,1.0
372,8093,1.0
378,8093,1.0
384,8093,1.0
390,8093,1.0
396,8093,1.0
402,8093,1.0
408,8093,1.0
414,8093,1.0
420,8093,1.0
426,8093,1.0
432,8093,1.0
438,8093,1.0
444,8093,1.0
450,8093,1.0
456,8093,1.0
462,8093,1.0
468,8093,1.0
474,8093,1.0
480,8093,1.0
486,8093,1.0
492,8093,1.0
498,8093,1.0
504,8093,1.0
510,8093,1.0
516,8093,1.0
522,8093,1.0
528,8093,1.0
534,8093,1.0
540,8093,1.0
546,8093,1.0
552,8093,1.0
558,8093,1.0
564,8093,1.0
570,8093,1.0
576,8093,1.0
582,8093,1.0
588,8093,1.0
594,8093,1.0
318,8212,1.0
324,8212,1.0
330,8212,1.0
336,8212,1.0
342,8212,1.0
348,8212,1.0
354,8212,1.0
360,8212,1.0
366,8212,1.0
372,8212,1.0
378,8212,1.0
384,8212,1.0
390,8212,1.0
396,8212,1.0
402,8212,1.0
408,8212,1.0
414,8212,1.0
420,8212,1.0
426,8212,1.0
432,8212,1.0
438,8212,1.0
444,8212,1.0
450,8212,1.0
456,8212,1.0
462,8212,1.0
468,8212,1.0
474,8212,1.0
480,8212,1.0
486,8212,1.0
492,8212,1.0
498,8212,1.0
504,8212,1.0
510,8212,1.0
516,8212,1.0
522,8212,1.0
528,8212,1.0
534,8212,1.0
540,8212,1.0
546,8212,1.0
552,8212,1.0
558,8212,1.0
564,8212,1.0
570,8212,1.0
576,8212,1.0
582,8212,1.0
588,8212,1.0
594,8212,1.0
318,8331,1.0
324,8331,1.0
330,8331,1.0
336,8331,1.0
342,8331,1.0
348,8331,1.0
354,8331,1.0
360,8331,1.0
366,8331,1.0
372,8331,1.0
378,8331,1.0
384,8331,1.0
390,8331,1.0
396,8331,1.0
402,8331,1.0
408,8331,1.0
414,8331,1.0
420,8331,1.0
426,8331,1.0
432,8331,1.0
438,8331,1.0
444,8331,1.0
450,8331,1.0
456,8331,1.0
462,8331,1.0
468,8331,1.0
474,8331,1.0
480,8331,1.0
486,8331,1.0
492,8331,1.0
498,8331,1.0
504,8331,1.0
510,8331,1.0
516,8331,1.0
522,8331,1.0
528,8331,1.0
534,8331,1.0
540,8331,1.0
546,8331,1.0
552,8331,1.0
558,8331,1.0
564,8331,1.0
570,8331,1.0
576,8331,1.0
582,8331,1.0
588,8331,1.0
594,8331,1.0
318,8450,1.0
324,8450,1.0
330,8450,1.0
336,8450,1.0
342,8450,1.0
348,8450,1.0
354,8450,1.0
360,8450,1.0
366,8450,1.0
372,8450,1.0
378,8450,1.0
384,8450,1.0
390,8450,1.0
396,8450,1.0
402,8450,1.0
408,8450,1.0
414,8450,1.0
420,8450,1.0
426,8450,1.0
432,8450,1.0
438,8450,1.0
444,8450,1.0
450,8450,1.0
456,8450,1.0
462,8450,1.0
468,8450,1.0
474,8450,1.0
480,8450,1.0
486,8450,1.0
492,8450,1.0
498,8450,1.0
504,8450,1.0
510,8450,1.0
516,8450,1.0
522,8450,1.0
528,8450,1.0
534,8450,1.0
540,8450,1.0
546,8450,1.0
552,8450,1.0
558,8450,1.0
564,8450,1.0
570,8450,1.0
576,8450,1.0
582,8450,1.0
588,8450,1.0
594,8450,1.0
318,8569,1.0
324,8569,1.0
330,8569,1.0
336,8569,1.0
342,8569,1.0
348,8569,1.0
354,8569,1.0
360,8569,1.0
366,8569,1.0
372,8569,1.0
378,8569,1.0
384,8569,1.0
390,8569,1.0
396,8569,1.0
402,8569,1.0
408,8569,1.0
414,8569,1.0
420,8569,1.0
426,8569,1.0
432,8569,1.0
438,8569,1.0
444,8569,1.0
450,8569,1.0
456,8569,1.0
462,8569,1.0
468,8569,1.0
474,8569,1.0
480,8569,1.0
486,8569,1.0
492,8569,1.0
498,8569,1.0
504,8569,1.0
510,8569,1.0
516,8569,1.0
522,8569,1.0
528,8569,1.0
534,8569,1.0
540,8569,1.0
546,8569,1.0
552,8569,1.0
558,8569,1.0
564,8569,1.0
570,8569,1.0
576,8569,1.0
582,8569,1.0
588,8569,1.0
594,8569,1.0
318,8688,1.0
324,8688,1.0
330,8688,1.0
336,8688,1.0
342,8688,1.0
348,8688,1.0
354,8688,1.0
360,8688,1.0
366,8688,1.0
372,8688,1.0
378,8688,1.0
384,8688,1.0
390,8688,1.0
396,8688,1.0
402,8688,1.0
408,8688,1.0
414,8688,1.0
420,8688,1.0
426,8688,1.0
432,8688,1.0
438,8688,1.0
444,8688,1.0
450,8688,1.0
456,8688,1.0
462,8688,1.0
468,8688,1.0
474,8688,1.0
480,8688,1.0
486,8688,1.0
492,8688,1.0
498,8688,1.0
504,8688,1.0
510,8688,1.0
516,8688,1.0
522,8688,1.0
528,8688,1.0
534,8688,1.0
540,8688,1.0
546,8688,1.0
552,8688,1.0
558,8688,1.0
564,8688,1.0
570,8688,1.0
576,8688,1.0
582,8688,1.0
588,8688,1.0
594,8688,1.0
318,8807,1.0
324,8807,1.0
330,8807,1.0
336,8807,1.0
342,8807,1.0
348,8807,1.0
354,8807,1.0
360,8807,1.0
366,8807,1.0
372,8807,1.0
378,8807,1.0
384,8807,1.0
390,8807,1.0
396,8807,1.0
402,8807,1.0
408,8807,1.0
414,8807,1.0
420,8807,1.0
426,8807,1.0
432,8807,1.0
438,8807,1.0
444,8807,1.0
450,8807,1.0
456,8807,1.0
462,8807,1.0
468,8807,1.0
474,8807,1.0
480,8807,1.0
486,8807,1.0
492,8807,1.0
498,8807,1.0
504,8807,1.0
510,8807,1.0
516,8807,1.0
522,8807,1.0
528,8807,1.0
534,8807,1.0
540,8807,1.0
546,8807,1.0
552,8807,1.0
558,8807,1.0
564,8807,1.0
570,8807,1.0
576,8807,1.0
582,8807,1.0
588,8807,1.0
594,8807,1.0
318,8926,1.0
324,8926,1.0
330,8926,1.0
336,8926,1.0
342,8926,1.0
348,8926,1.0
354,8926,1.0
360,8926,1.0
366,8926,1.0
372,8926,1.0
378,8926,1.0
384,8926,1.0
390,8926,1.0
396,8926,1.0
402,8926,1.0
408,8926,1.0
414,8926,1.0
420,8926,1.0
426,8926,1.0
432,8926,1.0
438,8926,1.0
444,8926,1.0
450,8926,1.0
456,8926,1.0
462,8926,1.0
468,8926,1.0
474,8926,1.0
480,8926,1.0
486,8926,1.0
492,8926,1.0
498,8926,1.0
504,8926,1.0
510,8926,1.0
516,8926,1.0
522,8926,1.0
528,8926,1.0
534,8926,1.0
540,8926,1.0
546,8926,1.0
552,8926,1.0
558,8926,1.0
564,8926,1.0
570,8926,1.0
576,8926,1.0
582,8926,1.0
588,8926,1.0
594,8926,1.0
318,9045,1.0
324,9045,1.0
330,9045,1.0
336,9045,1.0
342,9045,1.0
348,9045,1.0
354,9045,1.0
360,9045,1.0
366,9045,1.0
372,9045,1.0
378,9045,1.0
384,9045,1.0
390,9045,1.0
396,9045,1.0
402,9045,1.0
408,9045,1.0
414,9045,1.0
420,9045,1.0
426,9045,1.0
432,9045,1.0
438,9045,1.0
444,9045,1.0
450,9045,1.0
456,9045,1.0
462,9045,1.0
468,9045,1.0
474,9045,1.0
480,9045,1.0
486,9045,1.0
492,9045,1.0
498,9045,1.0
504,9045,1.0
510,9045,1.0
516,9045,1.0
522,9045,1.0
528,9045,1.0
534,9045,1.0
540,9045,1.0
546,9045,1.0
552,9045,1.0
558,9045,1.0
564,9045,1.0
570,9045,1.0
576,9045,1.0
582,9045,1.0
588,9045,1.0
594,9045,1.0
318,9164,1.0
324,9164,1.0
330,9164,1.0
336,9164,1.0
342,9164,1.0
348,9164,1.0
354,9164,1.0
360,9164,1.0
366,9164,1.0
372,9164,1.0
378,9164,1.0
384,9164,1.0
390,9164,1.0
396,9164,1.0
402,9164,1.0
408,9164,1.0
414,9164,1.0
420,9164,1.0
426,9164,1.0
432,9164,1.0
438,9164,1.0
444,9164,1.0
450,9164,1.0
456,9164,1.0
462,9164,1.0
468,9164,1.0
474,9164,1.0
480,9164,1.0
486,9164,1.0
492,9164,1.0
498,9164,1.0
504,9164,1.0
510,9164,1.0
516,9164,1.0
522,9164,1.0
528,9164,1.0
534,9164,1.0
540,9164,1.0
546,9164,1.0
552,9164,1.0
558,9164,1.0
564,9164,1.0
570,9164,1.0
576,9164,1.0
582,9164,1.0
588,9164,1.0
594,9164,1.0
318,9283,1.0
324,9283,1.0
330,9283,1.0
336,9283,1.0
342,9283,1.0
348,9283,1.0
354,9283,1.0
360,9283,1.0
366,9283,1.0
372,9283,1.0
378,9283,1.0
384,9283,1.0
390,9283,1.0
396,9283,1.0
402,9283,1.0
408,9283,1.0
414,9283,1.0
420,9283,1.0
426,9283,1.0
432,9283,1.0
438,9283,1.0
444,9283,1.0
450,9283,1.0
456,9283,1.0
462,9283,1.0
468,9283,1.0
474,9283,1.0
480,9283,1.0
486,9283,1.0
492,9283,1.0
498,9283,1.0
504,9283,1.0
510,9283,1.0
516,9283,1.0
522,9283,1.0
528,9283,1.0
534,9283,1.0
540,9283,1.0
546,9283,1.0
552,9283,1.0
558,9283,1.0
564,9283,1.0
570,9283,1.0
576,9283,1.0
582,9283,1.0
588,9283,1.0
594,9283,1.0
318,9402,1.0
324,9402,1.0
330,9402,1.0
336,9402,1.0
342,9402,1.0
348,9402,1.0
354,9402,1.0
360,9402,1.0
366,9402,1.0
372,9402,1.0
378,9402,1.0
384,9402,1.0
390,9402,1.0
396,9402,1.0
402,9402,1.0
408,9402,1.0
414,9402,1.0
420,9402,1.0
426,9402,1.0
432,9402,1.0
438,9402,1.0
444,9402,1.0
450,9402,1.0
456,9402,1.0
462,9402,1.0
468,9402,1.0
474,9402,1.0
480,9402,1.0
486,9402,1.0
492,9402,1.0
498,9402,1.0
504,9402,1.0
510,9402,1.0
516,9402,1.0
522,9402,1.0
528,9402,1.0
534,9402,1.0
540,9402,1.0
546,9402,1.0
552,9402,1.0
558,9402,1.0
564,9402,1.0
570,9402,1.0
576,9402,1.0
582,9402,1.0
588,9402,1.0
594,9402,1.0
318,9521,1.0
324,9521,1.0
330,9521,1.0
336,9521,1.0
342,9521,1.0
348,9521,1.0
354,9521,1.0
360,9521,1.0
366,9521,1.0
372,9521,1.0
378,9521,1.0
384,9521,1.0
390,9521,1.0
396,9521,1.0
402,9521,1.0
408,9521,1.0
414,9521,1.0
420,9521,1.0
426,9521,1.0
432,9521,1.0
438,9521,1.0
444,9521,1.0
450,9521,1.0
456,9521,1.0
462,9521,1.0
468,9521,1.0
474,9521,1.0
480,9521,1.0
486,9521,1.0
492,9521,1.0
498,9521,1.0
504,9521,1.0
510,9521,1.0
516,9521,1.0
522,9521,1.0
528,9521,1.0
534,9521,1.0
540,9521,1.0
546,9521,1.0
552,9521,1.0
558,9521,1.0
564,9521,1.0
570,9521,1.0
576,9521,1.0
582,9521,1.0
588,9521,1.0
594,9521,1.0
318,9640,1.0
324,9640,1.0
330,9640,1.0
336,9640,1.0
342,9640,1.0
348,9640,1.0
354,9640,1.0
360,9640,1.0
366,9640,1.0
372,9640,1.0
378,9640,1.0
384,9640,1.0
390,9640,1.0
396,9640,1.0
402,9640,1.0
408,9640,1.0
414,9640,1.0
420,9640,1.0
426,9640,1.0
432,9640,1.0
438,9640,1.0
444,9640,1.0
450,9640,1.0
456,9640,1.0
462,9640,1.0
468,9640,1.0
474,9640,1.0
480,9640,1.0
486,9640,1.0
492,9640,1.0
498,9640,1.0
504,9640,1.0
510,9640,1.0
516,9640,1.0
522,9640,1.0
528,9640,1.0
534,9640,1.0
540,9640,1.0
546,9640,1.0
552,9640,1.0
558,9640,1.0
564,9640,1.0
570,9640,1.0
576,9640,1.0
582,9640,1.0
588,9640,1.0
594,9640,1.0
318,9759,1.0
324,9759,1.0
330,9759,1.0
336,9759,1.0
342,9759,1.0
348,9759,1.0
354,9759,1.0
360,9759,1.0
366,9759,1.0
372,9759,1.0
378,9759,1.0
384,9759,1.0
390,9759,1.0
396,9759,1.0
402,9759,1.0
408,9759,1.0
414,9759,1.0
420,9759,1.0
426,9759,1.0
432,9759,1.0
438,9759,1.0
444,9759,1.0
450,9759,1.0
456,9759,1.0
462,9759,1.0
468,9759,1.0
474,9759,1.0
480,9759,1.0
486,9759,1.0
492,9759,1.0
498,9759,1.0
504,9759,1.0
510,9759,1.0
516,9759,1.0
522,9759,1.0
528,9759,1.0
534,9759,1.0
540,9759,1.0
546,9759,1.0
552,9759,1.0
558,9759,1.0
564,9759,1.0
570,9759,1.0
576,9759,1.0
582,9759,1.0
588,9759,1.0
594,9759,1.0
318,9878,1.0
324,9878,1.0
330,9878,1.0
336,9878,1.0
342,9878,1.0
348,9878,1.0
354,9878,1.0
360,9878,1.0
366,9878,1.0
372,9878,1.0
378,9878,1.0
384,9878,1.0
390,9878,1.0
396,9878,1.0
402,9878,1.0
408,9878,1.0
414,9878,1.0
420,9878,1.0
426,9878,1.0
432,9878,1.0
438,9878,1.0
444,9878,1.0
450,9878,1.0
456,9878,1.0
462,9878,1.0
468,9878,1.0
474,9878,1.0
480,9878,1.0
486,9878,1.0
492,9878,1.0
498,9878,1.0
504,9878,1.0
510,9878,1.0
516,9878,1.0
522,9878,1.0
528,9878,1.0
534,9878,1.0
540,9878,1.0
546,9878,1.0
552,9878,1.0
558,9878,1.0
564,9878,1.0
570,9878,1.0
576,9878,1.0
582,9878,1.0
588,9878,1.0
594,9878,1.0
318,9997,1.0
324,9997,1.0
330,9997,1.0
336,9997,1.0
342,9997,1.0
348,9997,1.0
354,9997,1.0
360,9997,1.0
366,9997,1.0
372,9997,1.0
378,9997,1.0
384,9997,1.0
390,9997,1.0
396,9997,1.0
402,9997,1.0
408,9997,1.0
414,9997,1.0
420,9997,1.0
426,9997,1.0
432,9997,1.0
438,9997,1.0
444,9997,1.0
450,9997,1.0
456,9997,1.0
462,9997,1.0
468,9997,1.0
474,9997,1.0
480,9997,1.0
486,9997,1.0
492,9997,1.0
498,9997,1.0
504,9997,1.0
510,9997,1.0
516,9997,1.0
522,9997,1.0
528,9997,1.0
534,9997,1.0
540,9997,1.0
546,9997,1.0
552,9997,1.0
558,9997,1.0
564,9997,1.0
570,9997,1.0
576,9997,1.0
582,9997,1.0
588,9997,1.0
594,9997,1.0
318,10116,1.0
324,10116,1.0
330,10116,1.0
336,10116,1.0
342,10116,1.0
348,10116,1.0
354,10116,1.0
360,10116,1.0
366,10116,1.0
372,10116,1.0
378,10116,1.0
384,10116,1.0
390,10116,1.0
396,10116,1.0
402,10116,1.0
408,10116,1.0
414,10116,1.0
420,10116,1.0
426,10116,1.0
432,10116,1.0
438,10116,1.0
444,10116,1.0
450,10116,1.0
456,10116,1.0
462,10116,1.0
468,10116,1.0
474,10116,1.0
480,10116,1.0
486,10116,1.0
492,10116,1.0
498,10116,1.0
504,10116,1.0
510,10116,1.0
516,10116,1.0
522,10116,1.0
528,10116,1.0
534,10116,1.0
540,10116,1.0
546,10116,1.0
552,10116,1.0
558,10116,1.0
564,10116,1.0
570,10116,1.0
576,10116,1.0
582,10116,1.0
588,10116,1.0
594,10116,1.0
318,10235,1.0
324,10235,1.0
330,10235,1.0
336,10235,1.0
342,10235,1.0
348,10235,1.0
354,10235,1.0
360,10235,1.0
366,10235,1.0
372,10235,1.0
378,10235,1.0
384,10235,1.0
390,10235,1.0
396,10235,1.0
402,10235,1.0
408,10235,1.0
414,10235,1.0
420,10235,1.0
426,10235,1.0
432,10235,1.0
438,10235,1.0
444,10235,1.0
450,10235,1.0
456,10235,1.0
462,10235,1.0
468,10235,1.0
474,10235,1.0
480,10235,1.0
486,10235,1.0
492,10235,1.0
498,10235,1.0
504,10235,1.0
510,10235,1.0
516,10235,1.0
522,10235,1.0
528,10235,1.0
534,10235,1.0
540,10235,1.0
546,10235,1.0
552,10235,1.0
558,10235,1.0
564,10235,1.0
570,10235,1.0
576,10235,1.0
582,10235,1.0
588,10235,1.0
594,10235,1.0
318,10354,1.0
324,10354,1.0
330,10354,1.0
336,10354,1.0
342,10354,1.0
348,10354,1.0
354,10354,1.0
360,10354,1.0
366,10354,1.0
372,10354,1.0
378,10354,1.0
384,10354,1.0
390,10354,1.0
396,10354,1.0
402,10354,1.0
408,10354,1.0
414,10354,1.0
420,10354,1.0
426,10354,1.0
432,10354,1.0
438,10354,1.0
444,10354,1.0
450,10354,1.0
456,10354,1.0
462,10354,1.0
468,10354,1.0
474,10354,1.0
480,10354,1.0
486,10354,1.0
492,10354,1.0
498,10354,1.0
504,10354,1.0
510,10354,1.0
516,10354,1.0
522,10354,1.0
528,10354,1.0
534,10354,1.0
540,10354,1.0
546,10354,1.0
552,10354,1.0
558,10354,1.0
564,10354,1.0
570,10354,1.0
576,10354,1.0
582,10354,1.0
588,10354,1.0
594,10354,1.0
318,10473,1.0
324,10473,1.0
330,10473,1.0
336,10473,1.0
342,10473,1.0
348,10473,1.0
354,10473,1.0
360,10473,1.0
366,10473,1.0
372,10473,1.0
378,10473,1.0
384,10473,1.0
390,10473,1.0
396,10473,1.0
402,10473,1.0
408,10473,1.0
414,10473,1.0
420,10473,1.0
426,10473,1.0
432,10473,1.0
438,10473,1.0
444,10473,1.0
450,10473,1.0
456,10473,1.0
462,10473,1.0
468,10473,1.0
474,10473,1.0
480,10473,1.0
486,10473,1.0
492,10473,1.0
498,10473,1.0
504,10473,1.0
510,10473,1.0
516,10473,1.0
522,10473,1.0
528,10473,1.0
534,10473,1.0
540,10473,1.0
546,10473,1.0
552,10473,1.0
558,10473,1.0
564,10473,1.0
570,10473,1.0
576,10473,1.0
582,10473,1.0
588,10473,1.0
594,10473,1.0
324,10592,1.0
330,10592,1.0
336,10592,1.0
342,10592,1.0
348,10592,1.0
354,10592,1.0
360,10592,1.0
366,10592,1.0
372,10592,1.0
378,10592,1.0
384,10592,1.0
390,10592,1.0
396,10592,1.0
402,10592,1.0
408,10592,1.0
414,10592,1.0
420,10592,1.0
426,10592,1.0
432,10592,1.0
438,10592,1.0
444,10592,1.0
450,10592,1.0
456,10592,1.0
462,10592,1.0
468,10592,1.0
474,10592,1.0
480,10592,1.0
486,10592,1.0
492,10592,1.0
498,10592,1.0
504,10592,1.0
510,10592,1.0
516,10592,1.0
522,10592,1.0
528,10592,1.0
534,10592,1.0
540,10592,1.0
546,10592,1.0
552,10592,1.0
558,10592,1.0
564,10592,1.0
570,10592,1.0
576,10592,1.0
582,10592,1.0
588,10592,1.0
594,10592,1.0
324,10711,1.0
330,10711,1.0
336,10711,1.0
342,10711,1.0
348,10711,1.0
354,10711,1.0
360,10711,1.0
366,10711,1.0
372,10711,1.0
378,10711,1.0
384,10711,1.0
390,10711,1.0
396,10711,1.0
402,10711,1.0
408,10711,1.0
414,10711,1.0
420,10711,1.0
426,10711,1.0
432,10711,1.0
438,10711,1.0
444,10711,1.0
450,10711,1.0
456,10711,1.0
462,10711,1.0
468,10711,1.0
474,10711,1.0
480,10711,1.0
486,10711,1.0
492,10711,1.0
498,10711,1.0
504,10711,1.0
510,10711,1.0
516,10711,1.0
522,10711,1.0
528,10711,1.0
534,10711,1.0
540,10711,1.0
546,10711,1.0
552,10711,1.0
558,10711,1.0
564,10711,1.0
570,10711,1.0
576,10711,1.0
582,10711,1.0
588,10711,1.0
594,10711,1.0
324,10830,1.0
330,10830,1.0
336,10830,1.0
342,10830,1.0
348,10830,1.0
354,10830,1.0
360,10830,1.0
366,10830,1.0
372,10830,1.0
378,10830,1.0
384,10830,1.0
390,10830,1.0
396,10830,1.0
402,10830,1.0
408,10830,1.0
414,10830,1.0
420,10830,1.0
426,10830,1.0
432,10830,1.0
438,10830,1.0
444,10830,1.0
450,10830,1.0
456,10830,1.0
462,10830,1.0
468,10830,1.0
474,10830,1.0
480,10830,1.0
486,10830,1.0
492,10830,1.0
498,10830,1.0
504,10830,1.0
510,10830,1.0
516,10830,1.0
522,10830,1.0
528,10830,1.0
534,10830,1.0
540,10830,1.0
546,10830,1.0
552,10830,1.0
558,10830,1.0
564,10830,1.0
570,10830,1.0
576,10830,1.0
582,10830,1.0
588,10830,1.0
594,10830,1.0
324,10949,1.0
330,10949,1.0
336,10949,1.0
342,10949,1.0
348,10949,1.0
354,10949,1.0
360,10949,1.0
366,10949,1.0
372,10949,1.0
378,10949,1.0
384,10949,1.0
390,10949,1.0
396,10949,1.0
402,10949,1.0
408,10949,1.0
414,10949,1.0
420,10949,1.0
426,10949,1.0
432,10949,1.0
438,10949,1.0
444,10949,1.0
450,10949,1.0
456,10949,1.0
462,10949,1.0
468,10949,1.0
474,10949,1.0
480,10949,1.0
486,10949,1.0
492,10949,1.0
498,10949,1.0
504,10949,1.0
510,10949,1.0
516,10949,1.0
522,10949,1.0
528,10949,1.0
534,10949,1.0
540,10949,1.0
546,10949,1.0
552,10949,1.0
558,10949,1.0
564,10949,1.0
570,10949,1.0
576,10949,1.0
582,10949,1.0
588,10949,1.0
594,10949,1.0
324,11068,1.0
330,11068,1.0
336,11068,1.0
342,11068,1.0
348,11068,1.0
354,11068,1.0
360,11068,1.0
366,11068,1.0
372,11068,1.0
378,11068,1.0
384,11068,1.0
390,11068,1.0
396,11068,1.0
402,11068,1.0
408,11068,1.0
414,11068,1.0
420,11068,1.0
426,11068,1.0
432,11068,1.0
438,11068,1.0
444,11068,1.0
450,11068,1.0
456,11068,1.0
462,11068,1.0
468,11068,1.0
474,11068,1.0
480,11068,1.0
486,11068,1.0
492,11068,1.0
498,11068,1.0
504,11068,1.0
510,11068,1.0
516,11068,1.0
522,11068,1.0
528,11068,1.0
534,11068,1.0
540,11068,1.0
546,11068,1.0
552,11068,1.0
558,11068,1.0
564,11068,1.0
570,11068,1.0
576,11068,1.0
582,11068,1.0
588,11068,1.0
594,11068,1.0
324,11187,1.0
330,11187,1.0
336,11187,1.0
342,11187,1.0
348,11187,1.0
354,11187,1.0
360,11187,1.0
366,11187,1.0
372,11187,1.0
378,11187,1.0
384,11187,1.0
390,11187,1.0
396,11187,1.0
402,11187,1.0
408,11187,1.0
414,11187,1.0
420,11187,1.0
426,11187,1.0
432,11187,1.0
438,11187,1.0
444,11187,1.0
450,11187,1.0
456,11187,1.0
462,11187,1.0
468,11187,1.0
474,11187,1.0
480,11187,1.0
486,11187,1.0
492,11187,1.0
498,11187,1.0
504,11187,1.0
510,11187,1.0
516,11187,1.0
522,11187,1.0
528,11187,1.0
534,11187,1.0
540,11187,1.0
546,11187,1.0
552,11187,1.0
558,11187,1.0
564,11187,1.0
570,11187,1.0
576,11187,1.0
582,11187,1.0
588,11187,1.0
594,11187,1.0
324,11306,1.0
330,11306,1.0
336,11306,1.0
342,11306,1.0
348,11306,1.0
354,11306,1.0
360,11306,1.0
366,11306,1.0
372,11306,1.0
378,11306,1.0
384,11306,1.0
390,11306,1.0
396,11306,1.0
402,11306,1.0
408,11306,1.0
414,11306,1.0
420,11306,1.0
426,11306,1.0
432,11306,1.0
438,11306,1.0
444,11306,1.0
450,11306,1.0
456,11306,1.0
462,11306,1.0
468,11306,1.0
474,11306,1.0
480,11306,1.0
486,11306,1.0
492,11306,1.0
498,11306,1.0
504,11306,1.0
510,11306,1.0
516,11306,1.0
522,11306,1.0
528,11306,1.0
534,11306,1.0
540,11306,1.0
546,11306,1.0
552,11306,1.0
558,11306,1.0
564,11306,1.0
570,11306,1.0
576,11306,1.0
582,11306,1.0
588,11306,1.0
594,11306,1.0
324,11425,1.0
330,11425,1.0
336,11425,1.0
342,11425,1.0
348,11425,1.0
354,11425,1.0
360,11425,1.0
366,11425,1.0
372,11425,1.0
378,11425,1.0
384,11425,1.0
390,11425,1.0
396,11425,1.0
402,11425,1.0
408,11425,1.0
414,11425,1.0
420,11425,1.0
426,11425,1.0
432,11425,1.0
438,11425,1.0
444,11425,1.0
450,11425,1.0
456,11425,1.0
462,11425,1.0
468,11425,1.0
474,11425,1.0
480,11425,1.0
486,11425,1.0
492,11425,1.0
498,11425,1.0
504,11425,1.0
510,11425,1.0
516,11425,1.0
522,11425,1.0
528,11425,1.0
534,11425,1.0
540,11425,1.0
546,11425,1.0
552,11425,1.0
558,11425,1.0
564,11425,1.0
570,11425,1.0
576,11425,1.0
582,11425,1.0
588,11425,1.0
594,11425,1.0
324,11544,1.0
330,11544,1.0
336,11544,1.0
342,11544,1.0
348,11544,1.0
354,11544,1.0
360,11544,1.0
366,11544,1.0
372,11544,1.0
378,11544,1.0
384,11544,1.0
390,11544,1.0
396,11544,1.0
402,11544,1.0
408,11544,1.0
414,11544,1.0
420,11544,1.0
426,11544,1.0
432,11544,1.0
438,11544,1.0
444,11544,1.0
450,11544,1.0
456,11544,1.0
462,11544,1.0
468,11544,1.0
474,11544,1.0
480,11544,1.0
486,11544,1.0
492,11544,1.0
498,11544,1.0
504,11544,1.0
510,11544,1.0
516,11544,1.0
522,11544,1.0
528,11544,1.0
534,11544,1.0
540,11544,1.0
546,11544,1.0
552,11544,1.0
558,11544,1.0
564,11544,1.0
570,11544,1.0
576,11544,1.0
582,11544,1.0
588,11544,1.0
594,11544,1.0
324,11663,1.0
330,11663,1.0
336,11663,1.0
342,11663,1.0
348,11663,1.0
354,11663,1.0
360,11663,1.0
366,11663,1.0
372,11663,1.0
378,11663,1.0
384,11663,1.0
390,11663,1.0
396,11663,1.0
402,11663,1.0
408,11663,1.0
414,11663,1.0
420,11663,1.0
426,11663,1.0
432,11663,1.0
438,11663,1.0
444,11663,1.0
450,11663,1.0
456,11663,1.0
462,11663,1.0
468,11663,1.0
474,11663,1.0
480,11663,1.0
486,11663,1.0
492,11663,1.0
498,11663,1.0
504,11663,1.0
510,11663,1.0
516,11663,1.0
522,11663,1.0
528,11663,1.0
534,11663,1.0
540,11663,1.0
546,11663,1.0
552,11663,1.0
558,11663,1.0
564,11663,1.0
570,11663,1.0
576,11663,1.0
582,11663,1.0
588,11663,1.0
594,11663,1.0
324,11782,1.0
330,11782,1.0
336,11782,1.0
342,11782,1.0
348,11782,1.0
354,11782,1.0
360,11782,1.0
366,11782,1.0
372,11782,1.0
378,11782,1.0
384,11782,1.0
390,11782,1.0
396,11782,1.0
402,11782,1.0
408,11782,1.0
414,11782,1.0
420,11782,1.0
426,11782,1.0
432,11782,1.0
438,11782,1.0
444,11782,1.0
450,11782,1.0
456,11782,1.0
462,11782,1.0
468,11782,1.0
474,11782,1.0
480,11782,1.0
486,11782,1.0
492,11782,1.0
498,11782,1.0
504,11782,1.0
510,11782,1.0
516,11782,1.0
522,11782,1.0
528,11782,1.0
534,11782,1.0
540,11782,1.0
546,11782,1.0
552,11782,1.0
558,11782,1.0
564,11782,1.0
570,11782,1.0
576,11782,1.0
582,11782,1.0
588,11782,1.0
594,11782,1.0
324,11901,1.0
330,11901,1.0
336,11901,1.0
342,11901,1.0
348,11901,1.0
354,11901,1.0
360,11901,1.0
366,11901,1.0
372,11901,1.0
378,11901,1.0
384,11901,1.0
390,11901,1.0
396,11901,1.0
402,11901,1.0
408,11901,1.0
414,11901,1.0
420,11901,1.0
426,11901,1.0
432,11901,1.0
438,11901,1.0
444,11901,1.0
450,11901,1.0
456,11901,1.0
462,11901,1.0
468,11901,1.0
474,11901,1.0
480,11901,1.0
486,11901,1.0
492,11901,1.0
498,11901,1.0
504,11901,1.0
510,11901,1.0
516,11901,1.0
522,11901,1.0
528,11901,1.0
534,11901,1.0
540,11901,1.0
546,11901,1.0
552,11901,1.0
558,11901,1.0
564,11901,1.0
570,11901,1.0
576,11901,1.0
582,11901,1.0
588,11901,1.0
594,11901,1.0
